barcode,bgg_id,version_id,name
"0655132003049",25594,,"Ark Extra Mix"
"0627843375623",156615,,"Fishing Party"
"0681706715902",171623,,"The Voyages of Marco Polo"
"0025766016508",20433,126037,"Where In The World is Carmen Sandiego? Card Game"
"4260071875150",2655,,"Hive"
"4751010195458",232090,,"Doodle Rush"
"0653569154426",22356,21004,"Heroscape Expansion Set: Thaelenk Tundra"
"5904223000098",31793,,"Diabelski Krąg"
"0841333108052",278297,454191,"Choose Your Own Adventure: War with the Evil Power Master"
"0076930417225",13951,,"Guess Where?"
"0729220053510",140271,204397,"Maximum Throwdown"
"0045802250109",1439,,"Iceberg Seals"
"0824968730263",244078,390463,"Memoir '44: Through Jungle and Desert"
"8034063200048",43018,,"Agricola: Farmers of the Moor"
"0729220058133",135116,,"Rent a Hero"
"0759751004033",7947,,"Lucky Catch"
"3558380016878",126792,,"Myrmes"
"0824968722114",22141,,"Cleopatra and the Society of Architects"
"9781589942134",8817,251862,"Call of Cthulhu: Collectible Card Game"
"0631080989307",367,,"Overthrone"
"0091039056175",19320,196987,"Star Fleet Battles: Module R6 – Fast Warships"
"0050758300211",1612,24880,"Ambush!: Silver Star"
"0017281100220",10191,103588,"Classic Major League Baseball"
"9784894253988",24894,,"Queen's Blade"
"9781556347375",14580,,"Munchkin Dice"
"3770001556451",200680,,"Agricola (Revised Edition)"
"0655132003636",34499,,"Race for the Galaxy: The Gathering Storm"
"9781932091151",13253,179643,"Second World War at Sea: Distant Oceans"
"4573428260043",220499,,"Mask of Moai"
"5012269090123",458,,"Sherlock Holmes: The Card Game"
"9780984171316",69292,,"Guardians of Graxia"
"0729220055569",255207,,"Smash Up: Titans"
"0892884000883",201248,,"Evolution: The Beginning"
"9781589943438",22484,,"Ingenious: Travel Edition"
"0824968819746",129904,178297,"Shadows over Camelot: The Card Game"
"0046363011000",1543,33550,"Dragon Quest"
"4000826016618",173441,,"Bring Your Own Book"
"5051140002541",72721,,"Skull Island Adventure"
"0029877005055",5043,160896,"The Forever War"
"5900741508238",219670,342247,"HUNGER: The Show"
"0014397542203",1293,,"Boggle"
"0074299427015",2878,,"ThinkBlot"
"0029877048724",2915,,"Catan Card Game: Expansion Set"
"8022167005201",36946,,"Red November"
"5011921968923",194990,,"Warhammer 40,000 (Third Edition): Codex – Eldar"
"9783897778313",18803,,"Black Stories"
"8033772896047",40816,,"Magestorm"
"9781589942219",19742,,"Blue Moon: Emissaries & Inquisitors – Allies"
"1977672938087",113997,,"Tajemnicze Domostwo"
"3558380032267",180511,,"Shakespeare"
"0815442017741",155428,,"DC Comics Deck-Building Game: Crisis Expansion Pack 1"
"3760146641129",18745,,"Sun Tzu"
"5010994260453",181,,"Risk"
"8771802006225",4040,,"Tri-Ominos"
"3760194820002",60435,,"Rallyman"
"3132216727635",164363,249378,"Hammer's Slammers: The Crucible"
"0877504000115",23686,,"GiftTRAP"
"0681706270548",103233,,"Rattus: Africanus"
"0718122626243",118,,"Modern Art"
"5011921010271",1737,39834,"Talisman Expansion Set"
"9781616619190",166679,,"Elder Sign: Gates of Arkham"
"4260071875662",22465,,"On the Dot"
"0689211085640",174688,,"Radiant"
"4250231705595",156009,,"Port Royal"
"5060377583037",162351,,"Shadows Over Normandie: Achtung! Cthulhu"
"0656729317730",21458,106331,"Hole in One: the Game"
"8717344310413",20195,,"Six"
"0076930414590",979,25914,"The Powerpuff Girls: Saving the World Before Bedtime"
"0859605004018",164086,248826,"Super Story War"
"3253345160527",320,,"Scrabble"
"0718122565894",41261,139617,"Empires: Builder Expansion"
"5011921966141",317630,523341,"Warhammer 40,000 (Third Edition): Codex – Assassins"
"0759751071035",27608,,"Hit or Miss"
"9788487423888",508,,"Blue Max"
"0011100000159",176229,,"Tides of Time"
"5023117771750",1294,,"Clue"
"4015682050478",137155,197458,"Potato Man"
"0718122405077",39433,29190,"Politics as Usual: Unusual Suspects"
"3760194820019",60435,,"Rallyman"
"0609465575520",80771,,"Dungeon Raiders"
"8437007925975",124847,,"1911 Amundsen vs Scott"
"0673419160728",110976,131786,"Creationary: Booster Pack"
"0852676005359",142262,,"Draco Magi"
"9417067000026",1038,,"Tantrix"
"0002000004088",32241,31666,"Draumaeyjan"
"4010350607213",96913,,"Lancaster"
"0841333102333",216556,,"Arkham Horror: The Card Game – Blood on the Altar: Mythos Pack"
"0078206096707",45,,"Perudo"
"5011921949038",268485,,"Warhammer (Sixth Edition): Hordes of Chaos"
"5011921973057",317624,,"Warhammer 40,000 (Third Edition): Codex – Dark Eldar"
"0681706120041",201900,,"Ashes Reborn: The Duchess of Deception"
"4011898061727",231967,,"Cacao: Diamante"
"0759751002008",3804,,"Slamwich"
"9414131030217",748,,"Trax"
"5201998011053",3886,,"Nine Men's Morris"
"8717249191414",432,,"6 nimmt!"
"0091039056052",19095,30887,"Star Fleet Battles: Module K – Fast Patrol Ships"
"0729220080707",297978,,"Mariposas"
"4250231700217",31260,,"Agricola"
"0701385725358",159059,,"The King's Abbey"
"0803004491009",23741,23819,"Killer Bunnies and the Quest for the Magic Carrot: Ominous Onyx Booster"
"8410446766026",33517,,"El juego del siglo"
"3770011479481",256589,,"Rallyman: GT"
"0742818051002",929,,"The Great Dalmuti"
"0700304045645",2243,,"Yahtzee"
"0841333108199",272513,,"Ashes Reborn: The Protector of Argaia"
"3770001556802",247720,,"Agricola: Bubulcus Deck"
"4001267000006",9398,,"War Games Rules  3000 BC to 1485 AD"
"9780971646506",4649,159078,"Tower Siege"
"0653341025302",169786,,"Scythe"
"9781894578608",41117,27674,"Lightning Strike Companion"
"4010350060414",13729,24140,"Flandern 1302"
"5015763010000",1351,108121,"Legend of Heroes"
"0669165004881",40899,188183,"JUMBLE: 3 games in 1"
"0609456647236",171775,,"Dexikon"
"9001890742194",11,,"Bohnanza"
"8714649000025",29253,143386,"Kunst & Kennis Spel: The Art & Expertise Game of the Rijksmuseum"
"7312350107708",3201,,"Lord of the Rings: The Confrontation"
"0728028205718",174721,268764,"Myth: Blackwall Warrens"
"0010563001437",12580,247802,"Arthur's Dominoes"
"4011898041811",245704,,"Anchors Aweigh!"
"8710126094259",2003,,"Spectrangle"
"5011921950850",268479,,"Warhammer (Sixth Edition): High Elves"
"9781841548630",268600,438160,"Warhammer (Seventh Edition): Vampire Counts"
"0020315002605",7631,34383,"The Game of Sniglets"
"9781841548982",268604,,"Warhammer (Seventh Edition): Warriors of Chaos"
"3421272108114",104006,,"Village"
"0074299419454",12149,178334,"All My Children Fact or Fantasy Question Card Game"
"0020373550483",31364,,"Playball Card Game"
"0056297603356",1855,,"Hedbanz for Adults!"
"0616909967537",153737,,"Ships"
"3289880002015",483,,"Diplomacy"
"0688623101627",38386,,"A Castle for All Seasons"
"9781589940314",119,,"Kingdoms"
"9781589946682",47185,,"Warhammer: Invasion"
"5011921124244",283076,,"Combat Arena"
"0874462000775",27322,,"Monopoly: Chocolate"
"0765940529034",10799,,"Old Maid"
"0634422706983",115098,,"Quarriors! Quarmageddon"
"4250231715518",245744,,"Great Western Trail: Rails to the North"
"0609132848193",234686,368195,"Snowdonia: The Siege of Petersburg / The Channel Tunnel 1881"
"9780982727966",132799,231522,"Student Bodies"
"5023117721335",3394,,"Monopoly: The Simpsons"
"5690330044222",5966,,"Sequence Dice"
"4015566008458",32382,27893,"Gipsy King"
"0824968818985",37911,,"Memoir '44: Operation Overlord"
"8803699777091",2397,,"Backgammon"
"0655132001250",102,,"Klunker"
"0689070015048",163166,,"One Night Ultimate Werewolf Daybreak"
"0029877004874",2915,,"Catan Card Game: Expansion Set"
"5012269008777",1275,,"221B Baker Street: The Master Detective Game"
"9781936920594",199009,309599,"Millennium Blades: Crossover Mini-Expansion"
"1053170007682",3354,106935,"Tide of Fortune"
"3558380000099",3093,,"Croak!"
"0732516504108",30204,,"Minions: Darkness & Myth"
"0761707361015",13078,175845,"Astro Boy Saves the Universe Game"
"0895193203105",26630,318744,"Trade Deadline Hockey"
"0824968123805",30232,,"BattleLore: The Hundred Years' War – Crossbows & Polearms"
"853533008506",9220,,"Saboteur"
"0792273251615",225000,,"Pirate 21"
"0763250534700",178944,,"BATTALIA: The Creation"
"6921079005762",23578,147274,"Dong Wu Qi"
"0859961000051",3236,,"WildLife"
"4260370820110",148951,,"Tiny Epic Kingdoms"
"5011921002252",1827,28658,"Chainsaw Warrior"
"4250231705076",122298,,"Morels"
"0700615556663",182054,281539,"Project: ELITE – Alien Pack"
"5011921949489",268483,,"Warhammer (Sixth Edition): Skaven"
"5021947695666",29970,,"Form A Word"
"0827714008487",163242,247327,"CHEW: Cases of the FDA"
"0728028045406",66143,,"Inevitable"
"0824968783917",144270,,"Relic Runners"
"4010168044217",11254,216207,"Kleiner Spatz"
"0759751002244",1397,,"Crash Pilot"
"0610585962015",175095,,"Dawn of the Zeds (Third Edition)"
"4007396099003",136,,"Robin Hood"
"5201998011176",2394,,"Dominoes"
"5600243420068",87120,,"Vintage"
"3770001556338",175495,,"Titan Race"
"0653569027935",929,,"The Great Dalmuti"
"3421272102518",28089,,"Château Roquefort"
"4010350090206",6249,,"Alhambra"
"0728028205213",154624,231848,"Myth: Stalkers Captain Pack"
"5010994023560",3728,,"Ker Plunk"
"9781589780606",12039,,"Once Upon a Time: Dark Tales"
"9780486238555",10971,,"Board and Table Games from Many Civilizations"
"8436017221572",131366,,"Eight-Minute Empire"
"8718026300104",30549,,"Pandemic"
"0681706713106",136888,,"Bruges"
"4007396029406",117549,,"Bullenparty"
"0807730009446",18693,254323,"Bible Eights"
"0700304049056",232831,,"Super Mario Bros. Power Up Card Game"
"0681706070063",12962,,"Reef Encounter"
"4650000320194",17053,,"Sleeping Queens"
"5010994146108",327,,"Loopin' Louie"
"5025822200099",9674,,"Ingenious"
"0071404310149",19908,27485,"Clue:  Limited Gift Edition"
"8595558300907",41114,,"The Resistance"
"3760107200013",174927,269087,"Masterline"
"0040232261213",172818,,"Above and Below"
"8717249193012",41010,,"Carcassonne Junior"
"8022167026008",50,,"Lost Cities"
"0794764017649",33368,,"Spiderwick Chronicles: The Fantastical Field Guide Mystery Game"
"5011921114870",279552,,"Warhammer Underworlds: Nightvault – Ylthari's Guardians"
"0074299522772",2223,,"UNO"
"3558380018308",137269,,"Spyrium"
"9781887911740",315986,,"Diskwars: Dragonkin"
"7141236677758",313301,,"Chronicles of Crime: The Millennium Series – Chronicles of Time Expansion"
"0892884000807",155703,,"Evolution"
"0054756007516",2751,,"Lawrence of Arabia: The British Offensive – September-October 1918"
"4015566028005",271896,,"Star Wars: Outer Rim"
"4002051682514",554,,"La Città"
"0753182231563",82428,,"Summoner Wars: Rukar's Power Reinforcement Pack"
"0095109017073",129307,176173,"Congo Merc: The Congo, 1964"
"0609456646994",125046,,"Fantastiqa: The Rucksack Edition"
"9781589946637",71721,,"Space Hulk: Death Angel – The Card Game"
"8005125690756",16239,98405,"Wikinder"
"4007396079609",26946,,"Ladybohn: Manche mögen's heiss!"
"0728028343106",154902,232355,"Diner"
"0029877047130",9792,,"Oriente"
"0053334824385",146652,216966,"Legendary Encounters: An Alien Deck Building Game"
"4007396090000",10799,,"Old Maid"
"5020674817600",3091,,"The Great Game of Britain"
"5023117351334",9807,,"The Hunchback of Notre Dame: Town Square Game"
"0091031938547",158742,,"Yardmaster Express"
"5011363353103",1452,,"Mhing"
"0655132005289",193029,299624,"Tiffin"
"0700615557240",223953,,"Kitchen Rush"
"2780059303397",239188,,"Chronicles of Crime"
"0610585961407",170390,261466,"España 20: Volume 1"
"4015566022614",175211,,"Star Wars: Imperial Assault – Twin Shadows"
"0778988239339",98778,,"Hanabi"
"4075566087747",42,,"Tigris & Euphrates"
"3770002176016",71671,,"Yggdrasil"
"0722301926161",100901,,"Flash Point: Fire Rescue"
"0602573750568",231218,,"Black Sonata"
"9781887911658",944,,"Mag·Blast"
"0019962573033",244564,,"Xia: Missions and Powers"
"0681706070681",75165,,"De Vulgari Eloquentia"
"8717249192787",21713,,"The Werewolves of Miller's Hollow: New Moon"
"9001890767197",822,,"Carcassonne"
"0759751002435",90972,81102,"Mermaid Beach"
"0681706200200",193042,,"Junk Art"
"0609132848162",119432,,"Snowdonia"
"3810298400003",18940,126448,"Team Out! Hockey"
"4007396066302",25605,27353,"Walhalla"
"0610585961605",191790,297496,"Empires in America (Second Edition)"
"0681706490021",143404,,"Castellion"
"0091037863232",153815,330928,"Ghosts Love Candy"
"0894769000063",17859,25950,"Hex Hex Next"
"3421271301615",7248,104813,"Zenix"
"4010350060278",8127,27113,"Lucky Loop"
"5900221001006",16395,,"Blokus Duo"
"9781589941397",19739,,"Blue Moon: The Mimix"
"4002051696184",16986,,"Ubongo"
"4010350608111",85925,,"Fresco: Expansion Modules 4, 5 and 6"
"8718026301637",174192,267853,"Daxu"
"9781616617073",23094,,"Planet Steam"
"8032611698040",38924,25655,"Amerigo"
"8435407621879",144419,,"Catan: Explorers & Pirates – 5-6 Player Extension"
"4250231709524",202459,,"Imperial Settlers: Aztecs"
"4007396029215",3837,,"Rat-a-Tat Cat"
"8033532950569",275010,,"De Vulgari Eloquentia: Deluxe Edition"
"0689070017295",208895,,"New York Slice"
"9781589942608",13291,,"Citadels:  The Dark City"
"9788496934191",240,,"Britannia"
"8033772890137",9674,,"Ingenious"
"5600240363009",284936,,"Café"
"5023117218934",2693,,"Bottle Topps"
"0728028205275",173079,,"Myth: Tailless Minion Pack"
"5011921954230",268478,,"Warhammer (Sixth Edition): Dark Elves"
"5060056690001",4593,49154,"Blooming Gardens"
"7091358278022",204027,,"Cottage Garden"
"3760017143752",4330,,"Kanaloa"
"4015682252506",15818,,"Pickomino"
"0850368008008",202077,314763,"Deep Madness"
"3760062010276",26348,,"Huff and Puff"
"5011921952588",317628,523339,"Warhammer 40,000 (Third Edition): Codex – Tau"
"4250231704208",38159,,"Ultimate Werewolf: Ultimate Edition"
"0793573622242",101924,106843,"Stumps"
"5025822600011",10939,276280,"Music Boxx"
"4002051696115",9674,,"Ingenious"
"3558380024101",140933,,"Blueprints"
"4002051692858",215841,,"Exit: The Game – The Forgotten Island"
"0678544032032",20277,,"Federation & Empire: Fighter Operations"
"5908264496193",38418,,"Inwigilacja Luksusowa"
"0841333101374",201310,,"Star Wars: X-Wing Miniatures Game – Protectorate Starfighter Expansion Pack"
"3558380055013",239307,,"Unlock!: Secret Adventures"
"9781589949041",71061,,"DungeonQuest (Third Edition)"
"4035576050025",2593,,"Pass the Pigs"
"0019962179914",220517,,"The Shipwreck Arcana"
"4010350060261",6249,,"Alhambra"
"5010994181789",25738,,"The Big Taboo"
"8717278850047",17708,,"Isolate"
"5907506208488",27627,,"Talisman (Revised 4th Edition)"
"0812754011412",152823,228858,"Texas Shake 'Em"
"0074299429026",4004,,"Harry Potter and the Sorcerer's Stone Quidditch Card Game"
"0073000000875",2115,,"Free Parking"
"0850776001035",28705,84635,"Pizza Box Baseball"
"0064672000089",8194,147529,"Papperlapapp"
"4001504481728",33261,,"Thurn and Taxis: All Roads Lead to Rome"
"4001504490904",110,,"Auf Achse"
"4011898041019",66120,,"Zooloretto Junior"
"5900741508290",253363,406781,"PlusMinus: The Boardgame"
"5023117211348",327,,"Loopin' Louie"
"0653569257264",31936,23077,"Sorry! Express"
"4013754961011",653,21232,"Shit!"
"9781589942141",503,,"Through the Desert"
"0069000000052",1927,,"Munchkin"
"0827912084696",11,,"Bohnanza"
"0696859213274",145418,,"Crabs Adjust Humidity: Volume One (fan expansion for Cards Against Humanity)"
"4010350605912",66188,,"Fresco"
"0076930404300",7326,,"Itsy Bitsy Spider"
"4010350606018",73,,"Show Manager"
"9782914849364",28025,,"Wicked Witches Way"
"4015682200118",3507,,"By Golly!"
"0824968117743",106645,,"Ticket to Ride Map Collection: Volume 2 – India & Switzerland"
"9783939794387",32114,,"Merchants"
"4015566032583",126163,,"Tzolk'in: The Mayan Calendar"
"4013754051019",20139,29634,"Elementals"
"9788496934870",55705,,"Callisto: The Game"
"4007396012200",90468,80121,"Uuups"
"3760146641990",127024,,"Room 25"
"0008523216182",220155,343072,"Groves"
"8717371240295",10496,,"Camelot Legends"
"0655132002042",4529,,"Hellas"
"5904262001094",199689,,"Tavern's Tales"
"0700304046253",2243,,"Yahtzee"
"0095866000080",122306,159568,"Presidential Quiz"
"0807652036339",27970,111339,"Star Wars PocketModel TCG"
"4071898130588",88,,"Torres"
"5011921950874",268479,,"Warhammer (Sixth Edition): High Elves"
"0689076522496",31449,,"Army of Frogs"
"5908310266893",179460,,"Stronghold: 2nd edition"
"9781556344046",581,,"Tile Chess"
"5011363524626",5425,,"MindTrap II"
"3558380001751",9609,,"War of the Ring"
"4015566000681",85851,71167,"A la carte: Dessert"
"3558380011781",92319,,"Olympos"
"4015566030794",73761,,"K2"
"5425016920879",111661,,"7 Wonders: Cities"
"8172866301552",290822,474956,"Peaky Blinders: Under New Management"
"4007396206739",63706,,"11 nimmt!"
"0602573043677",213661,,"Food Truck Champion"
"0034057016264",41970,27542,"BattleTech Manual: The Rules of Warfare"
"4260071879875",125924,,"Clubs"
"9781846034015",38790,,"Eternal Empire: The Ottomans at War – Field of Glory Gaming Companion"
"4029518100114",1412,26835,"Trendy"
"9780706369076",18577,117562,"Card Games For Two"
"0655132004381",89953,,"Carcassonne: The Dice Game"
"4015566000162",39520,202934,"Ärger Dich schwarz!"
"4010350101612",216482,337243,"High Tide"
"9781589943360",25945,,"Arkham Horror: The King in Yellow Expansion"
"8717344310185",7553,,"Babylon"
"0794764088410",619,,"The Bottle Imp"
"0655132005326",209419,,"Dominion: Intrigue (Second Edition)"
"8436006080012",33627,189207,"Las 7 Puertas"
"8033532950200",157096,,"Historia"
"0728028205244",166065,252959,"Myth: Shamblers Minion Pack"
"0655132002295",7717,,"Carcassonne: The Castle"
"9781841548500",268603,438163,"Warhammer (Seventh Edition): Dark Elves"
"8595558300877",83195,,"Ghost Blitz"
"9187589947061",823,,"The Lord of the Rings"
"9789197488235",34212,461513,"Sanning eller Konsekvens"
"4004618705179",7973,,"My Haunted Castle"
"7891219031113",568,,"Rage"
"0681706200026",196114,304918,"Flick 'em Up!: Red Rock Tomahawk"
"0759751071134",90974,,"Splish Splash!"
"5015766018034",13695,492288,"Spot the Intro (Board Game Edition)"
"5694110033000",132233,184532,"Rally"
"3253345885000",2389,,"Othello"
"0655132004107",58421,,"Egizia"
"4035576080084",7483,,"Schatz der Drachen"
"0841333105396",254122,,"Arkham Horror: The Card Game – The City of Archives: Mythos Pack"
"0824968818749",21384,26484,"Memoir '44: Pacific Theater"
"5011921954278",268477,,"Warhammer (Sixth Edition): Vampire Counts"
"4022851010003",3334,106254,"Illegal"
"0696859265617",139630,,"Among the Stars: The Ambassadors"
"4947678161847",5451,,"Hanafuda"
"4751010190187",13,,"Catan"
"8595558300075",13291,,"Citadels:  The Dark City"
"4015566000513",57458,166612,"Darwinci"
"5012822043504",21804,,"Traditional Card Games"
"4007396032406",146152,215870,"Flash 10"
"9781589946781",43539,,"Battlestar Galactica: The Board Game – Pegasus Expansion"
"0013964667691",87200,73818,"Dragon Valley"
"5010994258535",27380,,"Origo"
"0080742011182",12676,,"Mini Car Wars"
"0783583586627",127354,,"Cards Against Humanity: Second Expansion"
"3558380010586",99975,,"Timeline: Discoveries"
"0729220058744",256669,412857,"Scorpius Freighter"
"0772603015087",37193,272489,"Dragon's Journey: A Race to Save the Magic"
"9784798606163",132263,,"Queen's Blade: Grimoire"
"0610585960301",128445,,"Darkest Night"
"0655132005227",77011,53086,"For Crown & Kingdom"
"7796785099164",2372,,"Gazza! The Game"
"9780984155866",26566,,"Homesteaders"
"0894769000070",28259,,"Cutthroat Caverns"
"0007517000073",12,,"Ra"
"0672975296537",246263,,"Fallen Angels"
"5011921940394",268489,,"Warhammer (Sixth Edition): Tomb Kings"
"0674000900235",6411,,"Blokus 3D"
"5908445421808",246646,,"Isle of Skye: Druids"
"0029877052516",83734,67325,"Strike of the Eagle"
"9781844164417",30075,117538,"Warmaster Ancient Armies"
"9781616612351",105259,,"A Game of Thrones: The Card Game – Lions of the Rock"
"5011921940554",69348,,"Warhammer: Chronicles 2003"
"0029877003013",5137,74572,"Ellery Queen's Mystery Magazine Game"
"9781472827777",220,,"High Society"
"0761707491026",29882,185394,"Count on Buzz Lightyear Card Game"
"5743210060574",17984,208808,"Inspektør Spot"
"0815442012371",115288,141790,"Penny Arcade: The Game – Rumble in R'lyeh"
"8034055580127",123576,,"Sheepland"
"0681706200002",169124,,"Flick 'em Up!"
"9781589946514",43111,,"Chaos in the Old World"
"5011921958955",317623,523331,"Warhammer 40,000 (Third Edition): Codex – Craftworld Eldar"
"4007396027501",4384,26487,"Im Schatten des Sonnenkönigs"
"0632468008016",1446,,"Cheater"
"0803004221002",16144,,"Fruit Spy"
"5054014815551",15393,,"Jacks"
"4250231715860",28143,,"Race for the Galaxy"
"4007396085006",1005,,"Der Tiger ist los"
"4038106054067",8207,,"Dungeoneer: Vault of the Fiends"
"0681706711515",207017,,"Pandemic: The Cure – Experimental Meds"
"4002051691783",209872,,"Keltis (with Neue Wege, Neue Ziele)"
"4002051699123",28258,,"Ubongo Mini"
"8717249192701",31260,,"Agricola"
"5011921927296",268320,437506,"Warhammer (Sixth Edition): Storm of Chaos"
"0032244049156",1824,,"Trump: The Game"
"4002057698878",215840,,"Exit: The Game – The Forbidden Castle"
"0761707390015",17253,188392,"Holey Cow!"
"0742818050036",1569,23813,"RoboRally: Armed and Dangerous"
"0704725643893",224899,,"Too Many Bones: Ghillie"
"5011921933617",268315,,"Warhammer: Chronicles 2004"
"5011921949779",69346,,"Warhammer: Dark Shadows"
"0681706040400",4553,,"Attribute"
"4571394090145",169654,,"Deep Sea Adventure"
"4010350603888",25491,,"Alhambra: The Dice Game"
"0045708064572",260,243600,"Starship Troopers: Prepare For Battle!"
"4001504481063",119,,"Kingdoms"
"0715234200019",9374,231310,"Checkers 2000"
"0800623354296",2856,89103,"BrewMaster: The Craft Beer Game"
"0080742074088",173270,,"Ogre / G.E.V."
"0699788109007",6608,,"Lord of the Rings Trivia Game"
"0040232317880",267319,,"Roam"
"0850000576063",276025,,"Maracaibo"
"4007396049305",6264,,"Bohnaparte"
"0076930400623",97747,96586,"Electronic Taboo"
"4007396079029",467,26128,"Bohnanza Erweiterungs-Set"
"0054756007684",8315,106927,"Spitfire!"
"0736211371317",96323,,"Survive: Escape from Atlantis! 5-6 Player Mini Expansion"
"4002051693718",155354,,"Die Siedler von Catan: Kartenspiel – Kämpfer & Kaufleute"
"9788496422681",50,,"Lost Cities"
"4260402316116",257570,,"Patchwork: Automa"
"7198964633624",191779,297473,"Brettspiel Easter Basket 2016"
"4571394090046",102181,,"In a Grove"
"0076930409930",90,52692,"Star Wars: Episode 1 – Clash of the Lightsabers"
"4011898041729",209685,,"Century: Spice Road"
"8710126035627",1933,,"Key to the Kingdom"
"5010994071837",31862,,"Sally the Sunflower"
"4620758131564",146324,,"Kitchen Garden"
"4007396083002",10,,"Elfenland"
"0881314115822",205495,320483,"1001"
"9001890630293",227789,,"Heaven & Ale"
"0655132003193",3507,,"By Golly!"
"4250231704031",12194,,"Munchkin Bites!"
"0073000000394",1295,,"Pente"
"9781472802613",254164,408036,"Across A Deadly Field: The War in the East"
"4002051693015",13,,"Catan"
"5011921915842",33543,,"Epic Swordwind"
"4010350605219",31730,,"Chicago Express"
"0038101000063",173346,,"7 Wonders Duel"
"0719896463591",286086,466728,"Deutscher Spielepreis Classic Goodie Box"
"4250231712180",194880,,"Dream Home"
"0864562000263",226254,353706,"The Ruhr: A Story of Coal Trade"
"0681706070339",33160,,"Endeavor"
"4002051680619",1545,24207,"Flowerpower"
"3760017140072",1794,,"Risk: Édition Napoléon"
"0029877031108",13,,"Catan"
"5011921954933",17807,131717,"Inquisitor"
"8718026302788",171499,,"Cacao"
"6430018271989",40849,,"Pandemic: On the Brink"
"9788496422964",926,,"Catan: Cities & Knights"
"0688623301034",153773,,"Carcassonne: Expansion 9 – Hills & Sheep"
"7392909005105",36218,,"Dominion"
"5011921012015",5336,,"Talisman (Third Edition)"
"4011898080612",21709,,"Jericho"
"0091039056038",19092,196965,"Star Fleet Battles: Module C3 – New Worlds 3"
"4260402316239",163412,,"Patchwork"
"5060167640063",33732,,"Tulipmania 1637"
"4018928550008",23953,,"Outside the Scope of BGG"
"0053334838672",175156,269442,"Legendary: A Marvel Deck Building Game – Secret Wars, Volume 1"
"7108446099947",289426,,"The Pursuit of Happiness: Thug Life"
"3770001556277",155731,,"Tokaido Collector's Edition"
"0681706040783",94389,,"Urbion"
"4610000140055",13,,"Catan"
"4010350060537",277,,"Res Publica"
"8809302940111",144041,,"Patchistory"
"4013754101028",85338,70160,"Antigua"
"0029877041312",158232,238476,"Bedpans & Broomsticks"
"0076930417133",26030,,"Scrabble Junior: The Disney Edition"
"0711237040119",386,,"Pirateer"
"3558380001638",17565,,"Dungeon Twister: Fire and Water"
"9780987660909",130231,179110,"Flames of War: Blood, Guts, & Glory – Tank Battles in the Lorraine, September 1944-January 1945"
"0681706040301",13823,,"Fairy Tale"
"0032244047336",2375,,"Sequence"
"0080742087323",37626,,"Autoduel Quarterly"
"9783937826783",10686,,"Star Munchkin 2: The Clown Wars"
"0086002030139",3313,,"Traverse"
"4035576030096",2968,,"Ka-Ching!"
"7350065320173",131014,,"Carcassonne: Winter Edition"
"8436017220612",67593,,"Die Säulen der Erde: das Kartenspiel"
"0073000400101",9611,91260,"Boggle Jr. Numbers"
"0021880000065",5900,,"Aliens Predator"
"4015566030084",61300,104815,"Linqer"
"0688623100422",24509,,"Gambit Royale"
"4001504750060",372,,"Schotten Totten"
"6416550860188",103885,,"Star Wars: X-Wing Miniatures Game"
"6430018271750",41002,,"Vasco da Gama"
"0807652061911",31053,111328,"Pirates of the Caribbean PocketModel Game"
"9780735812314",20460,,"Little Polar Bear Card Game"
"5011921937011",712,,"Blood Bowl (Third Edition)"
"0080742071247",41819,,"Uncle Albert's Auto Stop & Gunnery Shop 2036 Catalog"
"5425028270078",162082,,"Deus"
"5035621006129",6953,,"Lara Croft: Tomb Raider – The Angel of Darkness"
"4010350060476",28218,,"Cash-a-Catch"
"0892104001133",145621,214852,"Mad QUAO"
"0076930408902",14361,,"Trivial Pursuit: Disney – The Animated Picture Edition"
"4001504482688",217006,,"Carcassonne: Expansion 10 – Under the Big Top"
"0653341721105",218161,339741,"Pit Crew"
"0655132002271",3570,,"Chicken Cha Cha Cha"
"8717249198437",95527,,"Madeira"
"0631080144607",165876,252532,"Spike"
"4015566003002",340,,"Frank's Zoo"
"9781591392699",22427,,"Miscellaneous Game Book"
"0830938001028",2201,,"Redemption"
"0073000007140",1260,,"Rook"
"0841333105112",245815,,"Arkham Horror: The Card Game – The Forgotten Age: Expansion"
"0859930005940",233371,,"Clank! In! Space!: A Deck-Building Adventure"
"4007396008012",315986,,"Diskwars: Dragonkin"
"5425016922583",254640,,"Just One"
"4260071875136",18602,22143,"Caylus"
"5010995032691",1762,,"HeroQuest: Kellar's Keep"
"0046363003432",5476,95965,"A Gleam of Bayonets: The Battle of Antietam"
"0824968717219",9209,,"Ticket to Ride"
"0655132001908",382,,"Heimlich & Co."
"0810011720794",279537,456069,"The Search for Planet X"
"0099252505838",198,,"Buried Treasure"
"4015682252513",15818,,"Pickomino"
"3558380006817",66587,,"GOSU"
"4010168031033",5770,,"Orchard"
"4010350060469",30869,,"Thebes"
"0609456647588",217547,,"Can't Stop Express"
"4021219000076",7428,133448,"Der Wüstentruck"
"0619770000358",23870,27415,"Strange Defeat:  The Fall of France, 1940"
"4010350700822",19999,,"Aton"
"0889696002181",172047,,"The Others"
"0895713002171",36237,50045,"Timestreams: Deck 1 – Stone Age vs. Future Tech"
"9781435157774",173899,267426,"The Sherlock Holmes Puzzle Case"
"0655132004947",24225,,"Boxcars"
"9781589941755",4286,,"A Game of Thrones Collectible Card Game"
"0671839001003",3701,,"Smear"
"0857789002028",108784,,"Ascension: Storm of Souls"
"0729220053022",96152,,"Nightfall: Martial Law"
"9781616613969",118063,,"Android: Infiltration"
"4001504481599",27173,,"Vikings"
"0655132002066",4390,,"Carcassonne: Hunters and Gatherers"
"0749012071065",24244,512848,"Plastic Ships and Fuzzy Men"
"0029877033072",15157,,"Amazonas"
"0659390077033",5801,33568,"Apples to Apples: Expansion Set #3"
"3760085090033",11484,98050,"Dindons & Dragons"
"4010350060148",562,27088,"Silberzwerg"
"4562365270260",169146,,"Stone Garden"
"4010350060513",396,74158,"Der dreizehnte Holzwurm"
"0729220070074",204493,,"Sakura Arms"
"4015682200125",2569,,"Pick Picknic"
"0609456646550",104347,,"Santiago de Cuba"
"0803004421006",6673,,"Killer Bunnies and the Quest for the Magic Carrot: VIOLET Booster"
"5908445421228",96848,,"Mage Knight Board Game"
"0045802274501",16807,,"Swipe"
"8717249192602",32125,,"Felicity: The Cat in the Sack"
"8032611692017",29352,,"Lupusburg"
"4007396012408",91430,,"None of a Kind"
"0728028195743",119781,,"Legacy: Gears of Time"
"0630509487592",198452,308704,"Betrayal at House on the Hill: Widow's Walk"
"0029877031344",203219,,"Rivals for Catan: Deluxe"
"4015566005327",97915,96915,"Bios: Megafauna"
"0827948000141",29773,,"Cheeky Monkey"
"3422075099708",192,,"Nicht die Bohne!"
"0659390027076",4643,,"Fire and Ice"
"4260071879820",19764,,"PÜNCT"
"4010168044491",16474,31654,"Geißlein, versteck dich!"
"4006592680169",61,,"Fossil"
"0019275050405",23953,,"Outside the Scope of BGG"
"4007396047103",12589,25735,"Razzia!"
"7612577103003",137297,,"Rise of Augustus"
"1032947720122",15987,,"Arkham Horror"
"0609456646567",125046,,"Fantastiqa: The Rucksack Edition"
"9780984608010",71882,38662,"Conquest of Planet Earth: The Space Alien Game"
"0020373550230",36805,,"Puppy Play!"
"9781887911979",643,,"Deadlands: Doomtown Range Wars"
"9781568811444",18096,,"Winning Ways for Your Mathematical Plays"
"8034055580011",58110,,"Horse Fever"
"4011898041415",153625,230114,"Han"
"0681706070858",92120,,"Atlantis Rising"
"8719214420536",176494,,"Isle of Skye: From Chieftain to King"
"9780979658563",42902,27251,"A Touch of Evil: Hero Pack 1"
"4007396069006",1465,,"Wizard"
"0653341724908",214887,,"CO₂: Second Chance"
"0807652060020",10653,,"Pirates of the Spanish Main"
"5011921949205",318063,,"Warhammer 40,000 (Third Edition): Codex – Necrons"
"0080742013087",162,,"The Awful Green Things From Outer Space"
"5023709100012",12109,31830,"Silverstone Grand Prix"
"0681706999913",43262,,"Neuroshima Hex! Duel"
"5011921940196",2162,29605,"Warhammer 40,000 (Third Edition)"
"4015682200019",5106,,"Chicken Cha Cha Cha: Duckling Dancin'"
"9001890767692",15818,,"Pickomino"
"5023117620409",1111,,"Taboo"
"9781841548524",317547,,"Warhammer 40,000 (Fourth Edition): Codex – Orks"
"0081159976811",140361,,"Cards Against Humanity: Third Expansion"
"0634482735053",233848,,"Hako Onna"
"0852468006380",179701,,"Game of Phones"
"4250148200053",26157,61152,"Top oder Flop"
"3760052141294",137780,,"Thématik"
"3760206300041",119525,151448,"Antartik"
"3760043890248",16395,,"Blokus Duo"
"0700118396346",203410,,"Ascended"
"0653341089045",205738,,"Vikings Gone Wild: Ragnarok!"
"0859961000105",9028,,"Tongiaki: Journey into the Unknown"
"0759751004187",172931,,"Outfoxed!"
"4011898130720",28143,,"Race for the Galaxy"
"0736970320168",25669,,"Qwirkle"
"0616909967308",242684,,"Reavers of Midgard"
"4015566005099",2657,31719,"Auweier"
"0678554041093",102055,107318,"Federation Commander: Transports Attacked"
"5023117304392",2952,,"Trivial Pursuit: Genus Edition"
"4011898081312",136415,,"Alles Käse!"
"6921079005755",20246,,"Hai Lu Kong Zhan Qi"
"0696859265693",111124,,"Dark Moon"
"9781844164424",31012,29022,"Legends of the Old West: Showdown"
"0032244046193",1748,,"A Question of Scruples"
"0032244046025",813,,"Goosebumps: Terror in the Graveyard Game"
"8717953118530",159508,,"AquaSphere"
"0743124220496",13898,,"Cavendish"
"0013964155242",75782,,"The Phantom League"
"3558380010524",39856,,"Dixit"
"0619770000235",11701,280278,"America Triumphant: The Battle of the Bulge"
"3858883294958",2719,,"Connect Four"
"0799475291555",133473,,"Sushi Go!"
"4015682050744",133473,,"Sushi Go!"
"0640555010057",71790,38044,"Tornado"
"4015566021341",157958,,"DungeonQuest Revised Edition"
"4011898060713",27668,26700,"Apache"
"3664824000706",271759,,"Moon-Bots"
"9784894259379",46313,,"Queen's Blade: Rebellion"
"8437007925197",41114,,"The Resistance"
"0815442017482",155464,233371,"The Walking Dead "Don't Look Back" Dice Game"
"4010350100424",153939,,"Tortuga"
"4015566010598",36946,,"Red November"
"0653569012214",17804,,"Dungeons & Dragons Basic Game"
"4010350100820",158616,239114,"Escape: The Curse of the Temple – Expansion 3: Traps"
"9780966347654",149119,222395,"Spirits of the Rice Paddy"
"0073854000700",6901,,"Euchre"
"9783930635962",8170,,"Return of the Heroes"
"5011921041510",2162,29605,"Warhammer 40,000 (Third Edition)"
"9001890742095",98085,,"Seven Dragons"
"5012822058003",23049,,"Hedbanz for Kids"
"0035261020504",17284,156672,"Kazink"
"0653569306290",5,,"Acquire"
"0763250534717",178944,,"BATTALIA: The Creation"
"0853211004622",246684,,"Smartphone Inc."
"0653341722508",234120,,"Gold Fever"
"0759751002251",8531,,"PDQ: The Pretty Darn Quick Word Game"
"4007396300208",20135,29854,"Spelunke"
"0729220058423",188196,291572,"Ravenous River"
"0700465999924",144388,,"Elevenses"
"9780786939442",17804,,"Dungeons & Dragons Basic Game"
"0681706070308",24068,,"Fangs"
"0086547995818",227468,,"Ancient Artifacts"
"0010563007811",834,,"Chronology"
"6416550861093",12988,,"Collide-O!"
"4013754001021",1753,,"Im Märchenwald"
"5205444110062",21882,,"Blue Moon City"
"4779026560190",98085,,"Seven Dragons"
"0086079004217",508,,"Blue Max"
"4007396089738",20645,,"Tenakee"
"8594156310547",276830,,"Sanctum"
"0026608005469",8572,21744,"Jumble"
"0729220058102",154003,,"Pagoda"
"0859961000099",9027,,"Oasis"
"0678554042205",22093,,"Federation Commander: Boosters"
"0029877730018",38821,76135,"Settlers of Catan: Gallery Edition"
"5011921909896",317553,523194,"Warhammer 40,000 (Fourth Edition): Codex – Eldar"
"0071404320254",2115,,"Free Parking"
"0700615556113",153137,,"Among the Stars: Expanding the Alliance"
"0080742071360",20275,,"Car Wars Supplement, City Blocks"
"5011921113699",268918,,"Warhammer Quest: Blackstone Fortress – The Dreaded Ambull"
"0823973021038",42627,23903,"MidEvil Deluxe"
"0073000000349",1420,,"Monopoly Express"
"0772603010068",185996,287751,"Pot 'O' Gold"
"0655132001212",132,,"Caesar & Cleopatra"
"4260071879325",191880,297658,"Skibe"
"6430046790018",131581,183052,"Soccero (Second Edition)"
"0803004405013",141523,207013,"Killer Bunnies: Heroes vs. Villains – Blue Starter Deck"
"4004618712146",1853,,"Hägar ruft zum Beutefest"
"0655132005531",232917,,"Concordia: Aegyptus / Creta"
"8710126800065",46980,154117,"Space Go"
"0086079003135",14096,,"Striker II"
"0655132002059",4396,,"Odin's Ravens"
"4562283110525",2065,,"Shogi"
"0841333106256",242804,,"Lowlands"
"4002558081049",1403,25964,"Turn the Tide"
"0700304047700",199042,,"Harry Potter: Hogwarts Battle"
"4001267000037",299,,"De Bellis Antiquitatis: Quick Play Wargame Rules with Army Lists for Ancient and Medieval Battles"
"0850680002029",99081,,"Bears!"
"4751010195175",180602,,"Game of Trains"
"5011921973644",317618,,"Warhammer 40,000 (Third Edition): Codex – Space Marines"
"4015682253008",15911,62115,"San Ta Si"
"0889696009616",256988,,"Cthulhu: Death May Die – Black Goat of the Woods"
"3760425810130",216132,,"Clans of Caledonia"
"8718026300357",76883,,"Khan"
"5907506208266",2807,,"Catan: 5-6 Player Extension"
"0029877030309",12004,,"Candamir: The First Settlers"
"3770000282252",165662,,"Haru Ichiban"
"3760093330039",150,,"PitchCar"
"0830938001035",2201,,"Redemption"
"0653569126805",21239,101227,"Rocketville"
"5050048102674",17003,,"Snap"
"0678554050064",36,,"Federation & Empire"
"8034055580387",178570,,"Unusual Suspects"
"0703902940046",5789,,"Bombs Away"
"0642968067543",241626,385835,"Fireteam Zero: Recon Event Pack"
"4015566000155",869,,"Bongo!"
"0817009019373",181632,,"Rum & Bones: Mazu's Dreadful Curse"
"0705816800560",19370,,"Quelf"
"6426008002008",104006,,"Village"
"4250148200107",43015,,"Hansa Teutonica"
"0047754405385",193918,301206,"UNO: Cinderella"
"3760175511080",147183,,"King of Tokyo: Halloween"
"5902560382907",299442,,"Detective: Signature Series – Dig Deeper"
"8711808006508",4040,,"Tri-Ominos"
"0041116494147",40386,157194,"Disney Club Penguin Trading Card Game"
"0020373550339",19529,188273,"Deck of Dogs"
"0074299427978",5585,,"UNO: Harry Potter"
"9780789488022",17559,,"My First Dinosaur Dash"
"4002051692537",177079,,"Die Legenden von Andor: Chada & Thorn"
"8717472960054",23346,68454,"10"
"5708544093643",199,,"Manhattan"
"7640131630054",54043,,"Jaipur"
"0759751001070",1403,,"Turn the Tide"
"0080742071391",13352,,"Car Wars Supplement, City Blocks 3"
"5011921937356",268491,,"Warhammer (Sixth Edition): Beasts of Chaos"
"7798153140041",146171,215931,"Gran Premio de Monza"
"0689070011330",96672,94401,"TieBreaker"
"6430018270357",126042,,"Nations"
"0681706781020",5405,,"Carcassonne: Expansion 2 – Traders & Builders"
"0815442017642",154804,232155,"Naruto Shippuden Deck-Building Game"
"0841333109097",277721,,"The Lord of the Rings: Journeys in Middle-earth – Villains of Eriador Figure Pack"
"0027084645217",37612,146781,"Apples to Apples to Go"
"0602573043516",194247,,"Valeria: Card Kingdoms – Flames & Frost"
"6221003048040",181,,"Risk"
"0032244041129",1762,,"HeroQuest: Kellar's Keep"
"0837654320044",2795,,"Car Wars"
"0761707061182",17707,,"I Spy In Common"
"0749012071010",16718,,"Fuzzy Heroes"
"9310388302261",11100,,"Gone Bush"
"0630509643295",228660,357380,"Betrayal at Baldur's Gate"
"8717249190073",4390,,"Carcassonne: Hunters and Gatherers"
"9001890751660",137,,"Pass the Bomb"
"0841333100858",189807,,"Elder Sign: Omens of Ice"
"3760175510854",110524,,"Goblins, Inc."
"0029877045518",27833,,"Steam"
"0646412932401",189222,,"Saltlands"
"6430031712162",118553,,"Ubongo Trigo"
"9781936920136",125548,,"Pixel Tactics"
"4260370820028",155776,,"Heroes of Normandie: River Set Terrain Pack"
"0841333105389",251733,,"Arkham Horror: The Card Game – Heart of the Elders: Mythos Pack"
"8852031027042",6781,,"Di-Cross"
"0029877030712",13,,"Catan"
"0027084078169",4934,,"Battling Tops"
"4007396049107",432,,"6 nimmt!"
"0076930414378",40531,,"Cosmic Encounter"
"4001504493189",181328,280320,"Cornwall"
"3760175512544",171233,,"The Big Book of Madness"
"0853211004363",165986,,"Royals"
"4002051687618",394,,"Kahuna"
"4011898130942",12,,"Ra"
"8032611690013",3955,,"BANG!"
"4905040022967",29340,186360,"Super Mario Bros. Crystal Maze"
"4015566009073",27693,321305,"Novo Dice"
"4250231712715",11396,,"Dragon Master"
"0659390017930",40990,,"Word on the Street"
"4013754061018",168839,,"Die Kutschfahrt zur Teufelsburg"
"0824968826935",57072,,"Small World: Cursed!"
"4004618712092",2089,,"Das Letzte Kamel"
"0824968823965",28260,,"BattleLore: Epic BattleLore"
"3770001556086",123540,,"Tokaido"
"3760017140935",22886,,"Gefahr über Sunnydale"
"0859961000167",9202,,"Saga"
"9781572810914",106,25662,"Mystery Rummy: Jack the Ripper"
"8710253019064",2397,,"Backgammon"
"5025822100023",17826,96278,"Alpha Nature"
"5908264496117",32161,252428,"Wypas"
"0029877046003",6663,29320,"Lunar Rails"
"4002051692711",6187,25534,"Avalon"
"4002051693619",154961,,"Die Siedler von Catan: Kartenspiel – Magier & Forscher"
"4001504408565",90012,79188,"Das magische Labyrinth: Erweiterung"
"0655132004299",12902,,"Carcassonne: The City"
"6430018271071",4390,,"Carcassonne: Hunters and Gatherers"
"8032998040005",12962,,"Reef Encounter"
"0742818060387",2989,31910,"Instinct"
"0803004241000",182,,"Knights of Charlemagne"
"0070097182002",10799,,"Old Maid"
"0681706070582",75476,,"Inca Empire"
"4010168042558",15882,90193,"Lalelu"
"9782844761491",478,,"Citadels"
"3760008427861",281020,,"Treasures of Cibola"
"0655132003247",29510,,"Jambo Expansion"
"0746887160122",19759,,"The Woods Are Full of Them"
"5029976010023",15960,427947,"Damon Hill Motorsport Board Game"
"9781840115727",144954,213791,"Away, Oh Wizard!"
"5012822005601",36372,247926,"Maisy's colourful counting game"
"4007396019704",90467,80118,"Monsta"
"7612577001057",21763,,"Mr. Jack"
"4250231703287",38159,,"Ultimate Werewolf: Ultimate Edition"
"4010168042800",92879,,"Clumsy Witch"
"5011921002122",1740,,"Talisman City"
"9780975277362",14996,25067,"Ticket to Ride: Europe"
"7006728688639",125,,"Money!"
"6430018271613",8203,,"Hey, That's My Fish!"
"0086079007201",30684,,"Johnny Reb"
"3760093330503",148641,,"Yōkaï no Mori"
"4010350605028",35248,,"Batavia"
"0029220130151",12263,96676,"Spycraft: Collectible Card Game"
"0736396060006",4816,,"Xactika"
"4010350610053",109125,,"Wallenstein (Second Edition)"
"4562365270536",220,,"High Society"
"8023219040126",225083,351841,"Dark Ages Britannia"
"4260071876843",35472,,"Triovision"
"0824968126851",144171,,"Small World: Royal Bonus"
"5011979105271",20438,181192,"Bee Lines"
"4042677014818",30057,,"Burger Joint"
"9781616613761",103885,,"Star Wars: X-Wing Miniatures Game"
"8023219222317",225084,351842,"Winged Victory"
"9781846034022",39129,,"Decline and Fall: Byzantium at War – Field of Glory Gaming Companion"
"0078206010505",1269,,"Skip-Bo"
"0745114326898",319031,525722,"Project L: Kickstarter Edition"
"0778988704691",194655,,"Santorini"
"9781929323487",3840,242840,"RIFTS Collectible Card Game"
"5011921001521",30708,84105,"Warhammer 40,000 Compendium"
"4714398496562",210935,,"10 Dwarves"
"4010168042565",19277,,"Tschu-Tschu"
"5010994051181",15045,,"Risk: Star Wars – The Clone Wars Edition"
"4010168044712",14055,87120,"Ara"
"4562365270505",243640,389839,"六次化農村 (Sixth Rural Village)"
"0027084258974",13767,,"Scene It? 007"
"3558380023562",590,,"Mille Bornes"
"3760171550304",70919,,"Takenoko"
"4010350605936",66188,27470,"Fresco"
"0765940529041",7682,,"Go Fish"
"0793588575106",904,,"Dream Factory"
"0045708064152",120,,"Hoity Toity"
"0074299415234",2223,,"UNO"
"0728028205312",166936,254758,"Myth: Quest Expansion 1"
"0074299100208",2223,,"UNO"
"0803004101007",44,,"David & Goliath"
"9781591565543",21693,,"Bee Attitudes"
"4015566031128",200853,,"Habitats"
"4250231712302",219475,,"Axio"
"4001504481551",19419,,"Euphrates & Tigris: Contest of Kings"
"9666543976144",7950,,"Chronopia"
"0672975032036",309977,,"Root: The Vagabond Pack"
"0718122563791",398,,"Wildlife Safari"
"0841333103736",226840,,"Star Wars: Rebellion – Rise of the Empire"
"8032611691317",128667,,"Samurai Sword"
"6618490049498",290,,"Gold Digger"
"5425016920626",92539,,"7 Wonders: Leaders"
"0824968718919",10630,,"Memoir '44"
"4022556109408",11971,,"Cockroach Poker"
"0074299536380",2223,,"UNO"
"0681706713915",181693,,"Russian Railroads: German Railroads"
"0630509700622",246960,395632,"Axis & Allies & Zombies"
"0073854000724",4583,,"Pinochle"
"8718026301149",143690,211327,"Rattus: Arabian Traders"
"5011921118557",283858,,"Warhammer Quest: Blackstone Fortress – Traitor Command"
"9414576131005",15165,33579,"Cup Fever"
"5023117386039",1406,,"Monopoly"
"0688623100828",32125,,"Felicity: The Cat in the Sack"
"8272120694403",101785,,"D-Day Dice"
"0026262244365",20522,103058,"Shove Off"
"0655132004602",146579,216788,"Quilt Show"
"4606369015479",3931,,"Mare Nostrum"
"8039790052946",143843,,"Spot it! Party"
"0655132005333",209358,326918,"Dominion: Intrigue – Update Pack"
"9781929780679",21955,,"Treehouse"
"3558380011743",92828,,"Dixit: Odyssey"
"4015566012189",124300,,"Rune Age: Oath and Anvil"
"4015566032552",127061,,"Troyes: The Ladies of Troyes"
"4015682200231",4326,21034,"Virus & Co"
"4007396047806",32833,,"Banana Split"
"3558380000013",633,,"Elixir"
"4007396029239",65830,,"Where is Pluto"
"0601629914510",191041,,"Carrotia"
"5908310266077",56128,,"Zombiaki II: Attack on Moscow"
"0029877044023",118,,"Modern Art"
"0013964757835",253499,,"A War of Whispers"
"9780979658556",42047,23924,"A Touch of Evil: Something Wicked Expansion"
"0803004471001",21785,23817,"Killer Bunnies and the Quest for the Magic Carrot: Perfectly PINK Booster"
"8717249200314",146886,,"La Granja"
"0803004621000",7465,184671,"Chekov"
"9780986392009",173047,,"Nevermore"
"0029877487219",12543,,"Catan Card Game: Barbarians & Traders Upgrade Kit"
"0841333102364",224363,,"Arkham Horror: The Card Game – Lost in Time and Space: Mythos Pack"
"0866708000250",232824,,"Caper"
"4250231709371",211323,,"Im Wandel der Zeiten: Das Kartenspiel"
"4001504481704",30662,,"Travel Carcassonne"
"4260071875556",27364,22144,"Caylus Magna Carta"
"6011298000171",83195,,"Ghost Blitz"
"4004618713099",128,,"Take it Easy!"
"4002051694012",325,,"Catan: Seafarers"
"9781589944640",38025,,"Talisman (Revised 4th Edition): The Reaper Expansion"
"8717371240417",258,,"Fluxx"
"0032244041136",2379,,"Guesstures"
"9788496422810",24480,,"The Pillars of the Earth"
"9784894258624",35904,,"Queen's Gate"
"0681706070100",13884,,"The Scepter of Zavandor"
"0029877045211",39351,,"Automobile"
"0681706070216",30549,,"Pandemic"
"5011921939831",317632,523343,"Warhammer 40,000 (Third Edition): Codex – Daemonhunters"
"0645312344109",282297,,"Aqua Mirabilis"
"4002051680916",986,,"Babel"
"5011921919536",317554,523195,"Warhammer 40,000 (Fourth Edition): Codex – Tyranids"
"9780966257588",20552,110639,"Zobmondo!! Would You Rather...? Pocket Version"
"0074299431609",6659,34124,"Harry Potter Casting Stones"
"0019962867736",203620,317388,"Crabs Adjust Humidity: Volume Six (fan expansion for Cards Against Humanity)"
"9781589943193",23107,,"Drakon (Third Edition)"
"4250231714450",204583,,"Kingdomino"
"0019962195013",174430,,"Gloomhaven"
"0086079004828",8287,68894,"Chieftain: British Army of the Rhine"
"5902560383188",299277,,"Imperial Settlers: Rise of the Empire"
"7798186800011",154677,231929,"Ave Cesar"
"0824968123812",32391,,"BattleLore: Scottish Wars"
"4006592664633",200,,"Entdecker"
"5025822200044",20699,86923,"Picdoku"
"9781589948419",63787,,"Warhammer: Invasion – Assault on Ulthuan"
"0823973020055",7810,,"Zombies!!! 3.5:  Not Dead Yet"
"5011921952632",317607,523303,"Warhammer 40,000 (Third Edition): Codex Battlezone – Cityfight"
"4600327062604",176864,272362,"World War II: Stalingrad 1942-1943"
"4007396057607",171419,,"My First Bohnanza"
"0035261050105",11891,31485,"How Tall Am I?"
"4011898062823",485,,"Galloping Pigs"
"0681706040264",9220,,"Saboteur"
"0142212050029",18,,"RoboRally"
"8594001361311",2065,,"Shogi"
"4620011816269",53383,,"Ticket to Ride: Europa 1912"
"4250231712708",256569,,"Castle Rampage"
"4010350200223",172547,,"Queen's Architect"
"0633761100902",10327,28995,"Linx"
"4002051692810",5716,,"Balloon Cup"
"0700304045195",146735,217111,"Munchkin Adventure Time"
"0602573199220",245444,,"Holding On: The Troubled Life of Billy Kerr"
"4007396009309",980,21441,"Al Cabohne"
"0029220127519",1887,,"Legend of the Five Rings"
"0700118802779",191958,,"Tesla vs. Edison: Powering Up!"
"6939160969435",3886,,"Nine Men's Morris"
"3770000282085",85005,,"The Boss"
"4011898080315",5782,,"Coloretto"
"000000000000",111341,132676,"The Great Zimbabwe"
"0626975111024",2855,,"Stare!"
"8022167040066",404,,"Worm Up!"
"5011921943197",29981,,"Warmaster Annual 2002"
"0729220058614",194607,,"Mystic Vale"
"7310951005508",199,,"Manhattan"
"0056349000089",16801,121857,"Triune"
"0827948000011",115,,"I'm the Boss!"
"8436017223897",70323,,"King of Tokyo"
"7391803901056",29612,30094,"Kurt Olsson: Spelet om mig själv"
"3770005902179",297666,,"Jurassic Brunch"
"0837654320235",43894,,"Munchkin: Waiting For Santa"
"4011898041354",98778,,"Hanabi"
"8718026302795",191540,,"Cacao: Chocolatl"
"0045802272101",2578,,"Phase 10 Dice"
"4250231709432",192945,,"Coal Baron: The Great Card Game"
"8032680820335",161794,244763,"Munchkin Rompi le Uova"
"0634482710272",137496,198226,"Quarriors! Quartifacts"
"4007396077506",32928,,"Mü and Lots More"
"4260071879363",203421,,"Ankh"
"4713052640051",205498,,"Round House"
"5011921124268",283075,461914,"Stormvault"
"5011363110409",320,,"Scrabble"
"5011921914258",317551,523192,"Warhammer 40,000 (Fourth Edition): Codex – Black Templars"
"4013754980616",857,,"Titanic: Der Mythos"
"0759751002282",486,,"Barnyard Buddies"
"0095109018001",41612,,"Struggle for the Galactic Empire"
"9781591745075",35863,278855,"The 15 Greatest Board Games in the World"
"4250231711299",195544,,"Tides of Madness"
"7350025690049",8946,,"Coda"
"4250231704215",119391,,"Il Vecchio"
"3558380000747",878,,"Wyatt Earp"
"4260402310800",182874,,"Grand Austria Hotel"
"0823464005288",6555,,"Diceland: Space"
"5011921958276",268470,437887,"Warhammer (Sixth Edition): The Empire"
"8437001765355",132461,,"Blekoteco"
"0803004182006",66047,,"Fast Lane"
"5907506208280",926,,"Catan: Cities & Knights"
"9781841548838",268599,438159,"Warhammer (Seventh Edition): Daemons of Chaos"
"0798304101171",67285,71010,"Armorica"
"7070450060599",1377,70443,"Danger"
"3558380031031",180585,,"T.I.M.E Stories: The Marcy Case"
"0021853022636",3508,,"Hold Everything!"
"0019962082634",191932,297738,"Exposed"
"5410263799033",21873,,"Le Secret de Grimbergen"
"0611745858407",225818,,"Mini Rails"
"4250231714924",219265,,"Port Royal: The Adventure Begins..."
"9781616619138",153971,,"Cosmic Encounter: Cosmic Dominion"
"0045802641006",68946,23273,"Hexahedron"
"0653341721907",213531,,"Nations: The Dice Game – Unrest"
"3558380009160",38054,,"Snow Tails"
"7312350105810",352,,"Trumpet"
"0792273251905",252402,405117,"Kodama Duo"
"5411068760211",11670,,"The Game of Authors"
"0824968717226",14996,,"Ticket to Ride: Europe"
"4860100003433",123162,161775,"Democracy: Majority Rules"
"0700304003447",28538,39957,"Monopoly: Indianapolis Colts Super Bowl XLI Champions Commemorative Edition"
"4015682285009",39088,,"Hoppladi Hopplada!"
"8717344311502",199,,"Manhattan"
"0729220050175",104891,,"Thunderstone: Heart of Doom"
"4010350608333",107529,,"Kingdom Builder"
"0655132003605",34194,,"Aquaretto"
"5203068111007",207673,324051,"Greek Cinema Quiz"
"5908310266442",144722,,"Robinson Crusoe: Adventures on the Cursed Island – Voyage of the Beagle (Vol. 1)"
"6430018271781",62633,,"Undercover in Europa"
"0824968726914",40692,,"Small World"
"4010350611418",137408,197999,"Amerigo"
"4007396057300",122,,"Quo Vadis?"
"3421271302018",6931,,"Katamino"
"7896054001512",197425,307085,"Gnomos"
"0689196501982",7688,,"Memory"
"0824968722916",22141,,"Cleopatra and the Society of Architects"
"0047754180022",2448,,"Kalah"
"4250231712685",157809,,"Nations: The Dice Game"
"7312350202038",178,,"Mole Hill"
"0681706040332",23730,20895,"Gheos"
"4779026560275",92828,,"Dixit: Odyssey"
"0700621091615",157096,,"Historia"
"4035576010036",826,,"Cartagena"
"4015566008809",29937,24931,"König von Siam"
"5023117290787",1293,,"Boggle"
"3770000904864",232045,,"Shaky Manor"
"0021853030006",7521,331954,"Wallace & Gromit Going Crackers"
"0681706120010",189633,,"Ashes Reborn: The Children of Blackcloud"
"0660042425645",287580,469280,"Space Bowl"
"0718122623143",29073,,"Blockers!"
"5010995029110",5894,,"Twister"
"8033772893350",37400,,"Sushizock im Gockelwok"
"8279120694402",45986,,"Stronghold"
"0099252505616",45,,"Perudo"
"5023117404849",4143,,"Guess Who?"
"8437007925050",31260,,"Agricola"
"4013754991056",479,29617,"Bambuti"
"4250231705021",129622,,"Love Letter"
"0654367573327",41114,,"The Resistance"
"0696859283055",119506,,"Freedom: The Underground Railroad"
"0700304047823",230121,359728,"Clue: Tim Burton's The Nightmare Before Christmas"
"8437010181023",37380,,"Roll Through the Ages: The Bronze Age"
"4250231714405",220266,,"Smash Up: All Stars"
"0688623101726",38992,,"Royal Palace"
"5010994376598",40398,,"Monopoly Deal Card Game"
"0681614006901",15832,,"Cheat"
"4007396029208",3837,,"Rat-a-Tat Cat"
"9788496934610",41010,,"Carcassonne Junior"
"8710126034187",15090,,"Scrabble Dice"
"4001504481803",33458,,"Carcassonne: Expansion 6 – Count, King & Robber"
"8714649000476",14343,,"Zeepkistenrace"
"4250231714412",220188,,"Smash Up: Sheep"
"0841333109004",279196,,"Arkham Horror: The Card Game – Return to the Path to Carcosa"
"4015566005198",29256,208194,"Origins:  How We Became Human"
"0634158741326",227026,,"Debatable"
"4038106054104",11161,,"Dungeoneer: Den of the Wererats"
"4002051686314",132,,"Caesar & Cleopatra"
"0860001981704",262543,,"Wavelength"
"5010995036361",1761,,"HeroQuest: Return of the Witch Lord"
"5908264496209",38227,32327,"Wolsung: The Boardgame"
"0853012000434",45,,"Perudo"
"0653341426369",128721,,"Crisis"
"0029877004850",278,,"Catan Card Game"
"4010350700334",16496,,"Roma"
"5011921001644",39566,84106,"Warhammer 40,000 Compilation"
"0729220058096",148949,,"Istanbul"
"5011921958153",268472,,"Warhammer (Sixth Edition): Orcs & Goblins"
"5902560383591",241266,,"Little Town"
"0080742013056",28,,"Illuminati"
"5018163000060",13249,,"Football Flip Cards"
"0877504000016",23686,,"GiftTRAP"
"3421271300410",681,,"Quarto"
"9784894255142",24894,,"Queen's Blade"
"9781589781245",95234,,"Cthulhu Gloom"
"0032244047343",2243,,"Yahtzee"
"4250231718274",172509,,"Asterix & Obelix: Das große Abenteuer"
"0091221000054",3941,,"Dragonriders of Pern"
"0729220070623",279254,,"Ecos: First Continent"
"8033324540060",35801,,"Lungarno"
"4002051689414",2338,,"Starship Catan"
"0655132002141",5716,,"Balloon Cup"
"0609456647182",170813,262207,"Francis Drake: The Expansions"
"8437007925272",19857,,"Glory to Rome"
"0841333106911",256116,,"Ashes Reborn: The King of Titans"
"4010350060568",1802,74163,"Zwickern"
"8435407603721",152955,,"DogFight WW1"
"1094922260955",43489,101859,"Politix"
"4015566011120",40776,,"Arkham Horror: Innsmouth Horror Expansion"
"0824968818923",61677,,"Memoir '44: The Vercors Campaign"
"9781556347771",33825,132763,"Munchkin Cthulhu Cursed Demo"
"9781589942554",22821,,"Twilight Imperium: Third Edition – Shattered Empire"
"0659390027038",9131,21470,"Cambio"
"5010994244804",181,,"Risk"
"4006592680138",1565,,"Mississippi Queen: The Black Rose"
"3760269590021",216985,,"Nomads"
"0632468002502",1549,,"Password"
"4007396093407",18,,"RoboRally"
"0681706714004",146278,,"Tash-Kalar: Arena of Legends"
"9781589943681",29311,,"Tide of Iron:  Days of the Fox"
"5012822002402",13356,,"Yes! No! Game"
"5411068633225",165283,251231,"Battleship"
"3558380032250",180511,,"Shakespeare"
"5011921005710",1758,,"Advanced Heroquest"
"9781589949423",73150,,"Warhammer: Invasion – March of the Damned"
"0630158000012",18848,222116,"Fore!"
"9323433269549",180777,279254,"NRL Micro-Figures Game"
"0756639716538",3742,76982,"The Game of Law School"
"9781556345135",2211,32335,"Proteus"
"0027084813876",16395,,"Blokus Duo"
"0759751062330",22864,,"Zeus on the Loose"
"5018163000046",16676,,"Ad-Mad!"
"5011363519974",2223,,"UNO"
"4010350605011",35248,228460,"Batavia"
"6430018271118",11,,"Bohnanza"
"0728028379730",199561,,"Sagrada"
"7036777030042",316386,520818,"RuneSword: Hathor – Troll with Axe"
"4015566010307",30957,,"Tribune: Primus Inter Pares"
"4001504881252",21385,,"Carcassonne: Expansion 4 – The Tower"
"9784798600031",35904,,"Queen's Gate"
"4010350607237",96913,104661,"Lancaster"
"0655132002608",13301,,"Caribbean"
"0062000001272",2921,,"The Game of Life"
"0729220055019",122522,,"Smash Up"
"0841333103439",226837,,"Star Wars: Imperial Assault – Emperor Palpatine Villain Pack"
"4015566011724",100423,,"Elder Sign"
"0029877057146",432,,"6 nimmt!"
"9782914849579",34139,,"Death Wears White"
"9001890742699",9220,,"Saboteur"
"5011921949502",268483,,"Warhammer (Sixth Edition): Skaven"
"9784798606392",154227,,"Queen's Blade: The Live"
"0738633003005",3748,28128,"Captivation"
"4001504408169",13272,27081,"Geistertreppe: Flaschengeist"
"4260073730020",550,,"Barbarossa"
"7171808791636",19990,,"SuDoku: Das Brettspiel"
"0653569284789",18,,"RoboRally"
"7612577002009",38504,24251,"Hurry'Cup!"
"0699788109847",235600,,"Ashes Reborn: The Boy Among Wolves"
"0824968713617",153912,,"Mystery of the Abbey with The Pilgrims' Chronicles"
"8714649007352",204836,,"Escape Room: The Game"
"7090034912021",205046,,"Capital Lux"
"0076930401118",1294,,"Clue"
"5902020445067",432,,"6 nimmt!"
"9789178984442",33523,,"Warzone: Casualties of War"
"9783937826851",6607,,"Munchkin Fu"
"7290005077197",13114,,"8 1/2"
"0702021085669",7222,,"Wizard Kings: Expansion Armies"
"8033772898065",154842,,"Eldritch Horror: Forsaken Lore"
"8033772896061",59959,,"Letters from Whitechapel"
"4250231709340",167298,,"Sheep & Thief"
"0824968823668",28260,,"BattleLore: Epic BattleLore"
"4010350603086",9687,,"Alhambra: The Vizier's Favor"
"9781616619282",153235,,"Descent: Journeys in the Dark (Second Edition) – Forgotten Souls"
"4035576020684",40759,28586,"Cartagena: Die Meuterei"
"9788496934788",40834,,"Dominion: Intrigue"
"5011666071261",8392,,"Buckaroo!"
"0029877004713",424,25045,"1870: Railroading across the Trans Mississippi from 1870"
"0655132001724",854,,"Doge"
"4260402310886",209323,,"Oh My Goods!: Longsdale in Revolt"
"8717371240035",929,,"The Great Dalmuti"
"3770002129081",70918,35718,"Hanabi & Ikebana"
"8711808706996",4040,,"Tri-Ominos"
"0892884000005",9606,,"Cluzzle"
"9781591562719",814,,"Aquarius"
"0640864216355",166081,,"Bucket of Doom"
"0029877035144",205418,,"Agricola: Family Edition"
"4015566008571",142924,209580,"Mayday!Mayday!"
"0859961000280",21709,,"Jericho"
"8436017223088",102794,,"Caverna: The Cave Farmers"
"3770000904055",36765,166496,"Les Poux"
"4015566033559",182028,,"Through the Ages: A New Story of Civilization"
"3558380013068",76674,,"String Railway"
"0824968784914",157354,,"Five Tribes"
"4002051693305",27760,,"Catan: Traders & Barbarians"
"1032947719423",822,,"Carcassonne"
"0688623904129",12002,,"Jambo"
"9781932115314",13347,25827,"Plunder"
"0746887121055",26345,156418,"Uthini"
"4011898130959",35503,23915,"Ra: The Dice Game"
"0722301926208",129293,176128,"Gauntlet of Fools"
"0091037688170",149169,222504,"Heavy Steam"
"0869388000008",156546,,"Monikers"
"5011921002108",1743,,"Talisman Timescape"
"9784798603407",35904,,"Queen's Gate"
"0655132001588",638,,"Hera and Zeus"
"9781887801003",1234,,"Once Upon a Time: The Storytelling Card Game"
"0714838839182",176334,,"Guns & Steel"
"0073000401559",5166,,"Express Monopoly Card Game"
"4002051692865",215842,,"Exit: The Game – The Polar Station"
"0700118802786",238090,373925,"Speakeasy Blues"
"696859265808",167791,,"Terraforming Mars"
"0609456647328",176530,,"Xenon Profiteer"
"0854332000036",7718,34157,"The Penguin Ultimatum"
"0029877483310",13,,"Catan"
"0021853004007",811,,"Rummikub"
"0719896463577",232298,363828,"Deutscher Spielepreis 2017 Goodie Box"
"9781887911795",315987,,"Diskwars: Farrenghast's Undead"
"5205444110178",1324,,"Café International: Das Kartenspiel"
"5010995032370",1111,,"Taboo"
"0645789444012",29901,,"Right Off The Bat"
"4004618703076",198,,"Buried Treasure"
"0071404310033",3528,89107,"Priceless"
"0076930403860",7688,,"Memory"
"0029877004904",122,,"Quo Vadis?"
"4015566005471",128780,,"Pax Porfiriana"
"0681706270265",103182,,"Agricola: NL-Deck"
"3421271400615",121015,155631,"Tea Time"
"0020373550131",40144,,"Loose Change"
"4035576030065",140,,"Pit"
"0091037863218",204175,318315,"Batman: The Animated Series Dice Game"
"5060314600018",143075,,"Luchador! Mexican Wrestling Dice"
"9781555601874",21130,84929,"Renegade Legion: Centurion Technical Update"
"7896027521122",4143,,"Guess Who?"
"8809163470031",19427,,"Gemblo"
"0069545500000",18288,476667,"Psychologizer"
"0699788109380",4491,,"Cave Troll"
"0824968726990",97786,,"Small World Underground"
"0655132002325",7972,,"Crocodile Pool Party"
"0655132003285",215,,"Tichu"
"0670541597736",155624,,"Specter Ops"
"0086079007324",9259,137653,"Combined Arms: Command Decision Series Game"
"3830029361212",50,,"Lost Cities"
"0653569058304",19763,,"Taboo Quick Draw"
"8717249200413",171623,,"The Voyages of Marco Polo"
"5010994560003",2921,,"The Game of Life"
"0019275077709",19530,,"Toot and Otto"
"4260071875242",21441,26912,"Mykerinos"
"3760062010047",5711,,"Squad Seven"
"4001504481315",2993,,"Carcassonne: Expansion 1 – Inns & Cathedrals"
"0602573230749",216224,,"Carcosa"
"0700304044785",11616,,"Monopoly: Spider-Man"
"4250231714719",235512,,"Loot Island"
"0742818064064",441,108038,"Filthy Rich"
"0826956400202",230802,,"Azul"
"4015566000070",7116,106360,"Nichts als Ärger!"
"4014888223921",33807,132837,"Schmetti Coloretti"
"9781938146077",194553,,"Dairyman"
"8717249190677",9202,,"Saga"
"0080742071384",11615,,"The AADA Duel Circuit: L'Outrance – A Car Wars Supplement"
"0718122564293",91620,,"Pastiche"
"4260071874023",18880,,"Daddy Cool"
"0803004191008",24770,,"Quietville"
"0029877035236",209323,,"Oh My Goods!: Longsdale in Revolt"
"0029211018307",421,,"1830: Railways & Robber Barons"
"3558380002376",20435,,"Dungeon Twister: Forces of Darkness"
"4010350060834",107529,,"Kingdom Builder"
"5702014748477",63900,,"Pirate Plank"
"4007396027709",128412,,"Bohn to Be Wild!"
"4015566009011",6508,,"Tom Tube"
"0074299544804",20952,,"UNO Junior"
"4011898089875",2566,,"Die Erbtante"
"3760017144995",7976,,"Fantasy Pub"
"4001504880088",12346,,"Spooky Stairs"
"3760175510496",63888,,"Innovation"
"0713757486101",125099,166378,"Core Worlds: Galactic Orders"
"4002051690311",3321,,"Die Pyramiden des Jaguar"
"4007396300079",25973,21890,"Kannibohne"
"4627093191420",235456,,"Steel Arena: Arsenal"
"0025766807113",30535,,"World's Best Dice Games"
"5023117751165",1294,,"Clue"
"0653341025104",169786,,"Scythe"
"4713052640181",257769,,"Walking in Burano"
"0659390030304",300,,"Tutankhamen"
"0091037772206",145308,,"Marrying Mr. Darcy"
"8022167040011",822,,"Carcassonne"
"5010995021398",699,,"HeroQuest"
"9781589949751",85905,,"Battlestar Galactica: The Board Game – Exodus Expansion"
"9781841548791",317555,523196,"Warhammer 40,000 (Fourth Edition): Codex – Chaos Daemons"
"8717472960177",42066,120215,"Hotel Amsterdam"
"0824968779910",40692,,"Small World"
"8032611690020",3955,,"BANG!"
"8718026302580",224037,,"Codenames: Duet"
"0627843208174",36400,190938,"The Guns of Gettysburg"
"4250231715556",245446,,"Nimble"
"4011898039115",954,109724,"Pony Express"
"4011898081640",216694,,"Das Vermächtnis des Maharaja"
"4610000140352",21882,,"Blue Moon City"
"0852468006816",202583,,"Rise of Tribes"
"4001504511982",12043,,"Stadt - Land - Fluss"
"8033772891516",3076,,"Puerto Rico"
"0655132004503",92932,,"Race for the Galaxy: Alien Artifacts"
"4011898061215",117942,,"Zooloretto: The Dice Game"
"9784894258563",46313,,"Queen's Blade: Rebellion"
"0718601009048",5827,46041,"A Winter War"
"3558380001843",17804,,"Dungeons & Dragons Basic Game"
"4260071878243",136249,,"Voodoo Mania"
"0852436006138",223322,348910,"Clash of Steel: A Tactical Card Game of Medieval Duels"
"4015566031180",200853,,"Habitats"
"0681706200019",183099,283272,"Flick 'em Up!: Stallion Canyon"
"0866383000002",134352,,"Two Rooms and a Boom"
"3770002176160",140620,,"Lewis & Clark: The Expedition"
"5012822002600",17998,100529,"A Round With Malice"
"5023117781346",1406,,"Monopoly"
"0681706711003",30549,,"Pandemic"
"4010168040516",111081,,"Animal Upon Animal: Crest Climbers"
"4007396069334",24770,,"Quietville"
"7108444310068",302098,,"Chronicles of Crime: 1900"
"0804012001006",3524,157192,"Geeks: The Convention"
"0699788109038",6472,,"A Game of Thrones"
"8718023601211",136056,,"Asante"
"0804551093838",148931,,"Coup: Reformation"
"4260071879837",217083,,"LYNGK"
"5011921933662",316614,,"Warhammer 40,000 (Third Edition): Chapter Approved – 2004 Edition"
"7108443563854",300300,,"Chronicles of Crime: 1400"
"0073000460372",4789,,"Trivial Pursuit: Genus III"
"0655132004329",39242,,"Black Friday"
"3558380000112",633,,"Elixir"
"0094922624895",15512,,"Diamant"
"0074299434358",12491,250292,"UNO: Disney"
"5012822058300",13367,,"Charades for Kids"
"8717249190943",21099,20790,"De Kolonisten van Catan: Het Grote Kanaal"
"0029877005093",4049,52439,"Hammer's Slammers"
"0824968217191",34127,,"Ticket to Ride: The Card Game"
"4010350608326",107529,136855,"Kingdom Builder"
"5020674105950",12826,,"Tumblin' Monkeys"
"0796520356702",242818,388264,"Dice Wars: Heroes of Polyhedra"
"0824968717813",9209,,"Ticket to Ride"
"8595558307012",2993,,"Carcassonne: Expansion 1 – Inns & Cathedrals"
"9781589943261",4491,,"Cave Troll"
"0793573876485",101685,105590,"Dead Fellas"
"5011363523421",6994,,"Scrabble Card Game"
"9784894259515",46313,,"Queen's Blade: Rebellion"
"0012476100016",37663,,"Response"
"0759751004019",10537,,"Kit & Caboodle"
"5011921938247",268490,,"Warhammer (Sixth Edition): Lizardmen"
"0653569533450",10547,,"Betrayal at House on the Hill"
"9781572817173",128114,173165,"Hooyah: Navy Seals Card Game"
"8033324540091",63632,35734,"Jerusalem"
"0080742099852",254528,408651,"Munchkin Fowl Play"
"5407004491844",282954,,"Paris"
"7090034911215",176544,,"Automania"
"0074299100192",2223,,"UNO"
"5060156400128",43249,24287,"The BoardGameGeek Game"
"4010350604519",20551,,"Shogun"
"0029877041176",65515,31961,"Nuns on the Run"
"0753182231501",82421,,"Summoner Wars: Phoenix Elves vs Tundra Orcs"
"0718601009062",17895,,"For Whom the Bell Tolls"
"3558380022374",154386,,"Medieval Academy"
"0029877048601",701,,"A House Divided: War Between the States 1861-65"
"3558380030591",171226,,"Starfighter"
"4571398990588",1382,,"Winner's Circle"
"3010000068235",4862,,"Outburst!"
"4892030001302",2655,,"Hive"
"0057100000911",37461,,"Kraków 1325 AD"
"9784798600970",24894,,"Queen's Blade"
"0653341723604",253684,,"Spring Meadow"
"5023117036309",181,,"Risk"
"9781589941380",19736,,"Blue Moon: The Flit"
"4002051688714",1334,,"Entdecker: Exploring New Horizons"
"0619770000327",20889,,"Great War at Sea: Jutland"
"3421271300915",4331,,"Quads"
"9187589940758",4753,,"King's Gate"
"0634482724248",198618,308987,"Marvel Dice Masters: Doctor Strange Team Pack"
"0734140010017",18466,110857,"TechnoTycoon"
"0855996005849",2932,,"Hnefatafl"
"3760052142901",1383,,"Ab in den Pool!"
"3830029361359",478,,"Citadels"
"0029211041114",19074,,"Ostia"
"0634482708330",128709,,"Quarriors! Quest of the Qladiator"
"0093514069113",3181,,"Farkle"
"0627843307457",144358,212600,"Upon a Fable: New Kingdoms"
"8717249192107",21791,,"Masons"
"4250231711145",193738,,"Great Western Trail"
"0080742014008",2795,,"Car Wars"
"8054181510232",100795,,"Micro Monsters"
"0086002029928",6411,,"Blokus 3D"
"8717371240240",17161,24971,"Tempus"
"8058697270093",186142,287981,"Mythomakya"
"0824968817711",24439,,"Ticket to Ride: USA 1910"
"0889696005793",118,,"Modern Art"
"3558380030713",181304,,"Mysterium"
"9781589781849",250439,401720,"Clades Prehistoric"
"4015566005433",156501,,"Greenland"
"8710126004999",1917,,"Stratego"
"9780984608034",122878,161038,"Last Night on Earth: Blood in the Forest"
"0830711002891",11546,119518,"Birds and Binoculars"
"9781930855694",13556,,"Rippers: The Horror Wars"
"9781589943797",24742,,"Cold War: CIA vs KGB"
"0045708082224",3609,23920,"Crescendo of Doom"
"9781472802583",170267,261227,"Across A Deadly Field: Regimental Rules for Civil War Battles"
"8718026300265",66251,,"Galapagos"
"9781589942769",20963,,"Fury of Dracula (Second Edition)"
"4021505141131",3383,,"Mahé"
"0297090605011",19552,100285,"Universal Fighting System: Penny Arcade"
"4004618712023",110,,"Auf Achse"
"4015566030848",103182,,"Agricola: NL-Deck"
"0759751002220",999,,"Panda Monium"
"4001504482190",118610,,"Santa Cruz"
"6425453000119",120781,154619,"Wild Fun West"
"4007396069402",21613,,"Diabolo"
"4250231706776",172505,,"Istanbul: Mocha & Baksheesh"
"8436017220186",66690,,"Dominion: Prosperity"
"0655132005005",143063,,"Last Will: Getting Sacked"
"5060393704935",227813,356143,"Doctor Who: Exterminate! The Miniatures Game"
"4007396018011",243505,389615,"Marco Bohno"
"0262829193602",38287,,"Beep! Beep!"
"3760229680007",133343,187143,"Polar Base"
"8436017221695",100901,,"Flash Point: Fire Rescue"
"0054756007486",6399,106754,"Ancients I"
"0887961673777",16395,,"Blokus Duo"
"0086453006097",7,,"Cathedral"
"4010350700426",16499,,"Architekton"
"8033532950439",214887,,"CO₂: Second Chance"
"5011921934782",317556,,"Warhammer 40,000 (Third Edition): Codex – Imperial Guard"
"0713757485500",111173,,"Little Devils"
"9783939794370",30166,,"The Good, the Bad, and the Munchkin"
"4002051691745",127398,,"Legends of Andor"
"4562365270543",251688,404048,"Glover"
"0045802272903",3934,,"Bowling Dice"
"3700759000005",19358,,"Western Town"
"0824968818725",19245,,"Memoir '44: Eastern Front"
"4015566012493",129976,,"Game of Thrones: The Card Game"
"4001267000013",81937,,"Army Lists Volume 1: Armies of the Ancient Near East 3000BC - 500 BC"
"0745238227750",1530,96675,"Dark Age: Feudal Lords"
"4010168221816",91514,,"Rhino Hero"
"0837654321546",125368,167029,"Dino Hunt Dice"
"0837956000880",2083,,"Checkers"
"0041199413080",10774,82761,"American Idol Collectible Card Game"
"8032993550288",27162,,"Kingsburg"
"4010350700938",56931,,"Arena: Roma II"
"9781560763437",28379,110080,"Spelljammer: War Captain's Companion"
"0289696008983",245654,,"Railroad Ink: Deep Blue Edition"
"8717249196686",130060,,"Ohne Furcht und Adel"
"0086453006110",28306,44707,"Inversé"
"0775393011505",64394,192193,"Legions of Steel Scenario Pack 1"
"0681706708607",18400,149990,"Battle Beyond Space"
"4011898130829",35572,25416,"Strozzi"
"8595558303793",290448,,"Wingspan: European Expansion"
"8717249192190",24480,,"The Pillars of the Earth"
"0653569150916",19571,,"The Sudoku Game"
"0050200002113",2507,,"Liberté"
"0759751003173",65244,,"Forbidden Island"
"9781555601058",20669,86112,"Renegade Legion: Leviathan – The Wake of the Kraken"
"5015766001104",23245,,"Know Your Partner"
"0076930401965",224,,"History of the World"
"0653569198529",11170,,"Heroscape Master Set: Rise of the Valkyrie"
"0011000000266",96848,,"Mage Knight Board Game"
"9789185449774",28410,,"Ett litet spel om... schlager"
"0655132002820",19947,,"Ark"
"9781887911092",316009,520236,"Diskwars: Legions – Dark Wings over Nochaim"
"0654367573303",37628,,"Haggis"
"7798153140010",64426,,"Zug"
"0718601009031",28289,,"First to Fight"
"0802991471124",169147,,"Letter Tycoon"
"8435407606647",166679,,"Elder Sign: Gates of Arkham"
"5012269007664",120,,"Hoity Toity"
"0655132002585",13308,,"Niagara"
"0696859266027",203427,,"Fabled Fruit"
"4002051690410",3201,,"Lord of the Rings: The Confrontation"
"0681706040592",66507,48002,"Queen's Ransom"
"5060251020009",41569,,"The Great Fire of London 1666"
"0083933000767",3656,,"Score Four"
"0729220050199",122967,,"Thunderstone Advance: Caverns of Bane"
"4015682252308",15818,,"Pickomino"
"5902560383218",299467,,"Imperial Settlers: Empires of the North – Barbarian Hordes"
"0818749004124",33978,182452,"Dora the Explorer Story Maze"
"0798304427899",224060,,"Pigment"
"4035576030010",5165,,"Code Breaker"
"0086079007331",20536,,"Barbarossa 25: Command Decision Campaign Module"
"8594195400087",250621,,"18Lilliput"
"5011921956630",317635,,"Warhammer 40,000 (Third Edition): Codex – Tyranids"
"4013754011037",2543,,"Pompeji"
"0824968717882",31627,,"Ticket to Ride: Nordic Countries"
"5023117619496",1797,,"Pay Day"
"3760175512223",104575,,"Steam Torpedo: First Contact"
"4011898130652",24762,27333,"Medici vs Strozzi"
"0718122566396",287,,"Bazaar"
"0012811000063",5894,,"Twister"
"9780979248351",81485,62212,"Jet Set: Distant Lands – Expansion Set 1"
"5011921930227",268492,,"Warhammer (Sixth Edition): Bretonnia"
"0681706070544",42452,,"Rattus"
"4260071875440",22345,21758,"Yspahan"
"7031650110767",13223,,"The Best of Chronology"
"5023117561528",3845,,"Yahtzee Jr."
"9783890649917",61359,40890,"Classic Battletech: Technical Readout – Project Phoenix"
"9780880796125",1190,,"Continuo"
"0803004411007",6248,,"Killer Bunnies and the Quest for the Magic Carrot: RED Booster"
"0655132001243",50,,"Lost Cities"
"0850489000264",2397,,"Backgammon"
"0029877005048",1571,,"Sanctuary: Thieves World"
"0699788109823",236477,,"Ashes: The Path of Assassins"
"0803004152009",20966,,"Queen of the Cupcakes"
"5908310266367",121921,,"Robinson Crusoe: Adventures on the Cursed Island"
"8717249192930",34635,,"Stone Age"
"0018874200402",15,,"Cosmic Encounter"
"4714398492991",95386,,"Tem-Purr-A"
"0655132001427",174,,"T-Rex"
"0759751002046",3837,,"Rat-a-Tat Cat"
"0705105080369",66964,75874,"The Last of the Independents"
"0841333103989",217449,,"NMBR 9"
"4001504481094",455,70238,"Am Fuß des Kilimandscharo"
"5023117437069",526,,"Abalone Classic"
"0073000000172",4909,,"Fun City Game"
"4007396049008",9220,,"Saboteur"
"0824968311721",3085,,"Gang of Four"
"8710126001745",32740,,"Zakgeldspel"
"0824968117705",38454,22554,"Ticket to Ride: The Dice Expansion"
"0632468003004",2879,,"Encore"
"0895713002232",36238,50047,"Timestreams: Deck 2 – Medieval vs. Modern Day"
"4981932024936",266722,,"Rumble Nation"
"4010350101124",173587,266878,"Escape: Zombie City – Expansion 1: The Survivor Chronicles"
"0827948010058",10997,,"Boomtown"
"8415682300065",15818,,"Pickomino"
"9788487423871",701,,"A House Divided: War Between the States 1861-65"
"5425016920510",68448,,"7 Wonders"
"0653341722706",182704,,"SteamRollers"
"0823464005325",18247,38765,"Diceland: Dragons"
"0064212000098",12627,,"Cthulhu 500"
"9781556344732",1927,,"Munchkin"
"5011921124718",283860,,"Warhammer Quest: Blackstone Fortress – Advanced Arsenal"
"0029877035113",182874,,"Grand Austria Hotel"
"7350017231120",8222,,"Spank the Monkey"
"4007396019216",1324,,"Café International: Das Kartenspiel"
"0703902195019",5789,,"Bombs Away"
"4260184330188",164928,,"Orléans"
"7000122611781",3977,,"Strong Stuff!"
"5010994144081",22254,,"Narnia Risk Junior"
"5011921929283",317631,523342,"Warhammer 40,000 (Third Edition): Codex – Witch Hunters"
"4007396008067",315992,,"Diskwars: Dwarves of The Red Anvil"
"3558380004431",37904,,"Formula D"
"9781589940819",4488,,"Scarab Lords"
"5238334707868",204837,,"Game of Thrones: The Iron Throne"
"0707916123457",4812,,"Rules of the Game"
"0814552025103",221369,345306,"Teen Titans GO! Deck-Building Game"
"0021081050319",2370,,"Cows Can't Dance (But They Like to Be Asked!)"
"0761707491033",25162,176238,"The Little Mermaid Under the Sea Card Game"
"0759751002305",17053,,"Sleeping Queens"
"9781938146855",136313,,"Eminent Domain: Escalation"
"0609456646697",135243,192230,"Triassic Terror"
"7612577001514",21763,,"Mr. Jack"
"0086079001148",1687,70505,"Red Empire"
"4001504481131",370,20567,"El Grande: König & Intrigant"
"9781589945531",29096,,"Letter of Marque"
"4010168036328",17329,,"Animal Upon Animal"
"9781841549187",268605,438165,"Warhammer (Seventh Edition): Lizardmen"
"0078206030251",352,,"Trumpet"
"4006592670955",263,,"Manitou"
"4250231703379",70178,33133,"Kleine Helden: Schurken & Halunken"
"3683080182971",209778,,"Magic Maze"
"4751010190620",163412,,"Patchwork"
"8032680826900",136143,,"Squillo"
"4779026560213",104006,,"Village"
"4007396019100",2542,,"Gargon"
"5425018090167",90729,,"Addict: Le Grand Quiz Interactif"
"8111849194262",92332,,"Carcassonne: The Phantom"
"9783937826646",20660,,"Munchkin 4: The Need for Steed"
"6430018270111",125898,,"Eclipse: Rise of the Ancients"
"5011921969142",317634,,"Warhammer 40,000 (Third Edition): Codex – Orks"
"4015566000100",12167,106262,"Das Isses!"
"0823973020109",2471,,"Zombies!!!"
"0718122211937",30323,,"Hive: The Mosquito"
"0869499000225",217776,,"Import / Export"
"4022556103109",19996,,"Nacht der Magier"
"3770001556109",143519,,"Quantum"
"0853341003021",19841,,"Pentago"
"0824968201251",205125,,"Ticket to Ride: First Journey (U.S.)"
"4897057852494",361,,"Hare & Tortoise"
"9781929780723",39565,137837,"World War 5"
"3770005902087",265031,,"Ice Team"
"4650000320101",192,,"Nicht die Bohne!"
"0655132004411",61492,,"Space Alert: The New Frontier"
"4001504481230",478,,"Citadels"
"0728028466065",257283,,"Tiny Epic Mechs"
"0850000576001",256730,,"Pipeline"
"0823464005264",1536,,"Lord of the Fries"
"5011921120406",281533,,"Warhammer Quest: Blackstone Fortress – Escalation"
"5411068661501",4127,,"Arne"
"0632468008009",1446,,"Cheater"
"5425016920336",37046,,"Ghost Stories"
"3770000904062",54137,,"Battle Sheep"
"9783927903241",3548,,"Assault on Hoth: The Empire Strikes Back"
"4005556264056",494,,"Ave Caesar"
"4015566030770",421,,"1830: Railways & Robber Barons"
"3558380015826",135281,,"Serenissima (Second Edition)"
"0703902202021",4267,89105,"Jaunty Jalopies"
"0851370000097",9365,120067,"Duel of Ages: Masters Addendum"
"0696859265853",104006,,"Village"
"5023117554988",1111,,"Taboo"
"0653569692584",110327,130603,"Lords of Waterdeep"
"0086079001100",8101,26545,"Team Yankee"
"0609456647335",125153,,"The Gallerist"
"3760017140614",394,,"Kahuna"
"4001504490669",3155,107670,"Lumberjack"
"0841333101213",205059,,"Mansions of Madness: Second Edition"
"4015566011236",71721,,"Space Hulk: Death Angel – The Card Game"
"5024247005715",14400,,"Adult Drinking Games Compendium"
"4007396089301",453,,"La Isla Bohnitâ"
"0759751055103",22861,,"Feed the Kitty"
"4075566071784",100423,,"Elder Sign"
"0728028205268",166067,252961,"Myth: Bones Expansion Boss"
"0655132002875",21790,,"Thurn and Taxis"
"0798304339208",157413,,"New Bedford"
"4751010190040",822,,"Carcassonne"
"0729220058294",242,,"Junta"
"0700304047243",2243,,"Yahtzee"
"5011921919345",268321,437507,"Warhammer (Sixth Edition): Lustria"
"8034055580165",120677,,"Terra Mystica"
"7435139149154",227527,355685,"Take The Galaxy"
"5011921125821",301930,,"Warhammer Quest: Blackstone Fortress – No Respite"
"0634422722389",230591,,"Favelas"
"0095109010180",29603,,"D-Day at Omaha Beach"
"0029877031016",3972,,"Catan: Portable Edition"
"0850775001388",20829,,"Keesdrow"
"0033500509124",3636,,"SongBurst 50's & 60's Edition"
"0852613005268",198994,,"Hero Realms"
"8718026304423",199792,,"Everdell"
"5011921923250",317550,523191,"Warhammer 40,000 (Fourth Edition): Codex – Space Marines"
"4015566032989",148271,,"Metallum"
"9781929780303",925,,"Werewolf"
"0644216475421",277597,,"Fast Sloths"
"0632468009907",38787,,"Wheel Of Fortune Card Game"
"0699788109830",235599,,"Ashes Reborn: The Goddess of Ishra"
"4007396079005",11,,"Bohnanza"
"1017288418037",3515,,"Men Are from Mars, Women Are from Venus"
"0824968717837",21348,,"Ticket to Ride: Märklin"
"0841333102555",220931,,"Game of Thrones: The Iron Throne – The Wars to Come"
"0746775260743",320,,"Scrabble"
"0655132004671",112598,,"Monster Factory"
"9788885094031",19075,,"Warbeast"
"4007396019605",18793,21179,"High Bohn: Bohnenduell um 12 Uhr mittags"
"0824968713914",915,,"Mystery of the Abbey"
"4975430012489",526,,"Abalone Classic"
"0823464005219",4352,,"Fightball"
"0841333102340",219054,,"Arkham Horror: The Card Game – Undimensioned and Unseen: Mythos Pack"
"0714131990290",5985,352910,"Miscellaneous Game Accessory"
"7031650110866",1917,,"Stratego"
"0095109010036",14590,41201,"War of the Rebellion"
"4250231712494",235578,,"Kofferpacken extrem"
"0093514068000",30890,128014,"Let's Go to McDonald's Game"
"9781589943377",112,,"Condottiere"
"5908264496483",96613,,"Alcatraz: The Scapegoat"
"0841333103545",225563,,"Arkham Horror: The Card Game – The Path to Carcosa: Expansion"
"8717249190813",12199,,"Warriors: Dragon Hordes Expansion"
"0728028274226",118174,,"Compounded"
"5425016920558",68448,71930,"7 Wonders"
"5060156400159",102680,165228,"Trajan"
"0018874101402",3202,,"RAF"
"4260071879813",2346,,"DVONN"
"8172672805336",166937,254759,"Myth: Quest Expansion 2"
"0628451192022",198576,,"Catacombs: Cavern of Soloth (Third Edition)"
"3760269590045",216985,,"Nomads"
"5020674812209",18364,481597,"Top Gear: The Game"
"3585190664098",29679,,"The Little Prince Protects his Planet"
"0893130000053",23564,91755,"Codebreaker"
"0655132002424",9217,,"Saint Petersburg"
"4013754041034",13933,29642,"Im Auftrag des Königs"
"8435407616455",217006,,"Carcassonne: Expansion 10 – Under the Big Top"
"4007396008074",315993,,"Diskwars: The Uthuk Yllan"
"0655132003742",38359,,"The 3 Commandments"
"0714043011991",2593,,"Pass the Pigs"
"8710126005996",188,,"Go"
"0619770006022",16805,33280,"Road to Berlin: Platoon Level Combat in World War II – A Panzer Grenadier Game"
"5010994058265",11170,,"Heroscape Master Set: Rise of the Valkyrie"
"0728028379648",169704,,"Vault Wars"
"0889696008251",21882,,"Blue Moon City"
"5036899000017",2171,84232,"Bladder"
"4010350060483",32116,,"Airships"
"9784894259775",46313,,"Queen's Blade: Rebellion"
"4015566010826",47185,,"Warhammer: Invasion"
"6923436015285",22804,87937,"Fiesta"
"5014362739824",18137,158204,"Spoof"
"4011898089721",312,,"Landlord!"
"0742818061087",239752,,"Magic: The Gathering – Mercadian Masques"
"0759751004118",37755,,"Scallywags"
"0027084767056",51506,,"Splashy The Whale"
"8437007925333",69356,28241,"Kalua"
"0076930400470",4143,,"Guess Who?"
"7804631460027",176647,272013,"El Plan, tú decides"
"9780870210501",18353,,"The Art of Wargaming"
"0669165005369",69909,,"Top Gear"
"4015566005402",47055,,"High Frontier"
"0655132005104",171915,,"Dominion: Adventures"
"5902560383645",274450,,"Last Aurora"
"8718026303068",260232,,"Montana: Goldrush"
"0852990002034",48726,,"Alien Frontiers"
"9781938146589",168679,,"Flip City"
"5908310266015",21241,,"Neuroshima Hex! 3.0"
"9781986213325",255197,,"Combat Leader: Core Rules"
"8717624020629",2136,,"Pachisi"
"9781930855618",27024,316799,"Savage Worlds: Tour of Darkness"
"0803004701009",21577,,"M is for Mouse"
"9780984155811",50750,,"Belfort"
"0680569879547",158015,238121,"Wing It"
"4260013029054",36567,40466,"Flower Garden"
"8594156310424",228341,,"Pulsar 2849"
"4005884060061",20126,237978,"Ahriman"
"5012822052100",4576,,"Dealing with Murder: Fatal Error"
"4007396049701",432,,"6 nimmt!"
"5011921010042",1144,,"The Warlock of Firetop Mountain"
"5425037740043",167791,,"Terraforming Mars"
"4713052640013",158600,,"Hanamikoji"
"8033772890182",32125,,"Felicity: The Cat in the Sack"
"7312350188721",45,,"Perudo"
"0729220051042",129622,,"Love Letter"
"4006592696573",491,,"Web of Power"
"0689070013563",147949,,"One Night Ultimate Werewolf"
"3760146642058",146781,,"C3K: Creatures Crossover Cyclades/Kemet"
"0027084424645",27039,48519,"Scene it? Gute Zeiten Schlechte Zeiten"
"5425016921944",147151,,"Concept"
"0655132002127",12677,,"High Bohn Plus"
"0019962572739",199329,,"Xia: Embers of a Forsaken Star"
"4250231706592",193278,300003,"Yomi Starter Set: Grave versus Jaina"
"0826956400103",232832,,"Century: Golem Edition"
"9780975277379",14996,,"Ticket to Ride: Europe"
"9781555600723",20670,84893,"Renegade Legion: 2nd ACR Armored Cavalry Regiment"
"0859723007007",216630,337424,"Traveller Customizable Card Game: Two Player Starter Set"
"4007396039450",1240,,"Right Turn, Left Turn"
"4010350609019",113294,,"Escape: The Curse of the Temple"
"4260071879738",88,,"Torres"
"5010994146177",327,,"Loopin' Louie"
"8710126122709",90189,79555,"Photo Safari"
"4022556017505",12346,,"Spooky Stairs"
"8718026300098",38522,,"League of Six: Loyal Retinue"
"0729220051059",129622,,"Love Letter"
"9781889584171",28709,,"To Be Continued... by Gaslight"
"9784894256279",35904,,"Queen's Gate"
"3760008427779",272260,,"Welkin"
"4012257612932",217547,,"Can't Stop Express"
"0746775052010",101737,,"Angry Birds: Card Game"
"0745238227712",1530,96675,"Dark Age: Feudal Lords"
"0681706070643",24417,,"Factory Fun"
"4260071880109",243752,,"Dam It!"
"9780987802101",109073,128105,"Guild Quest"
"4010168043524",34483,510213,"Familie Brumm"
"9781616613600",131646,,"Merchant of Venus (Second Edition)"
"0655132001991",2993,,"Carcassonne: Expansion 1 – Inns & Cathedrals"
"6009687360098",146157,,"30 Seconds Junior"
"0814552027879",256085,,"Spyfall: Time Travel"
"0680168938577",263918,,"Cartographers"
"0841333102302",212572,,"Elder Sign: Omens of the Deep"
"0752423090426",168917,,"Smash Up: Pretty Pretty Smash Up"
"5413660834017",1294,,"Clue"
"4260071879547",528,,"ZÈRTZ"
"5010995044380",699,,"HeroQuest"
"8717249192985",35677,,"Le Havre"
"4015682200330",6979,,"Match of the Penguins"
"0759751001094",173441,,"Bring Your Own Book"
"9780786906260",1860,,"Dragon Dice"
"4010168054544",32258,,"Princess Jewel"
"3770001556239",177702,,"Warehouse 51"
"4280000097088",124361,,"Concordia"
"5012269006810",36834,104917,"Beatrix Potter's Rummy"
"9781932091212",14117,218102,"Soldier Raj"
"5023117354069",24037,,"Escape from Atlantis"
"8032611698019",19878,,"Lucca Città"
"5425016924853",173346,,"7 Wonders Duel"
"0029877035106",182875,,"Hengist"
"9780857442598",178939,275941,"Dalek Dice"
"0729220058300",180680,279036,"Automobiles"
"0683405473855",163920,,"Gaïa"
"7312350202007",93,,"El Grande"
"0850004236116",262712,,"Res Arcana"
"0653341722102",223456,,"The Pursuit of Happiness: Community"
"4007396037630",265,,"Intrigue"
"8414606986064",236466,371254,"Norway 1940"
"0076930413258",551,26233,"Battle Cry"
"8717249190622",3243,,"Wooly Wars"
"0080742087361",37626,,"Autoduel Quarterly"
"9784894254008",24894,,"Queen's Blade"
"0742818170246",327953,,"Portal: Demo Game"
"4002051684310",313,107926,"Big Boss"
"4010168032849",60245,,"Mummy's Treasure"
"9781556347498",20660,,"Munchkin 4: The Need for Steed"
"4010350700525",16498,,"Inka"
"9784798605104",132263,,"Queen's Blade: Grimoire"
"0655132002646",28620,26970,"Phoenicia"
"4007396008081",315994,,"Diskwars: Acolytes of Timorran"
"5904223000104",33001,,"Najeźdźcy"
"4010350060179",1309,27106,"Die Magier von Pangea"
"9783937826134",553,,"Chez Geek"
"4011898060430",13089,,"Wie ich die Welt sehe..."
"4007396069037",25242,24516,"Relikt"
"0759751071080",65554,38463,"Sounds Like a Plan"
"9322949002220",190636,295458,"Orator"
"8595558307005",822,,"Carcassonne"
"0653341720405",247030,,"Terraforming Mars: Prelude"
"0681706070698",70512,,"Luna"
"8717249190882",9217,,"Saint Petersburg"
"0619770000259",8402,,"The Great Pacific War: The Second World War in the Pacific"
"0713757485609",119193,,"Crazy Creatures of Dr. Gloom"
"0021853045130",132327,184905,"CatRatBatSplat"
"4001504482411",154678,,"Bruges: The City on the Zwin"
"0091039060028",17487,,"Starfire: First Contact"
"0773808343463",10219,,"Scamboozle"
"4004618703014",9218,110351,"Millionen Poker"
"7312350105049",1452,,"Mhing"
"0627843307440",139032,201620,"Upon a Fable"
"3558380017196",124380,,"Ladies & Gentlemen"
"0706949635388",220308,,"Gaia Project"
"5902650612785",257817,416169,"K2: Lhotse"
"0850680002197",249579,,"Castle Panic: Tower Promo 2018 Tabletop Day"
"6430018270418",157809,,"Nations: The Dice Game"
"0759751005047",6708,47531,"Eureka!"
"8718026300272",42452,,"Rattus"
"8717249193210",27833,,"Steam"
"0022099853305",108044,,"Nefarious"
"3558380013914",119407,191789,"Dixit Jinx"
"9781887911788",315993,,"Diskwars: The Uthuk Yllan"
"4620011810625",38538,,"Munchkin Quest 2: Looking for Trouble"
"5011921976942",712,,"Blood Bowl (Third Edition)"
"0007111000073",137297,,"Rise of Augustus"
"8022167004433",35438,,"Moto Grand Prix"
"0027084701470",67963,21162,"Saucer Scramble"
"0678554056356",102053,107314,"Star Fleet Battles: Module C3A – Andromedan Threat File"
"5903240069132",183272,,"Legacy: The Testament of Duke de Crecy – Five Families"
"0659390066662",644,,"Shipwrecked"
"4001504481261",827,,"Attila"
"4015566008595",24417,,"Factory Fun"
"4600327064134",122913,,"Samurai Battles"
"4018522108506",2656,,"Inferno"
"7312350107630",15526,79077,"Markoolio"
"0700304048691",269003,438929,"Yahtzee: Disney's Pirate of the Caribbean"
"9781616612177",107933,,"The Lord of the Rings: The Card Game – Khazad-dûm"
"5902560380248",197084,,"Rattle, Battle, Grab the Loot: Angry Ocean"
"0703902402018",11414,94305,"Politics as Usual"
"5020674832504",3081,,"Rubik's Flip"
"0655132003001",25823,,"Cartagena 2. The Pirate's Nest"
"0667792233001",37310,261562,"Cranium Sculptorades"
"9339111010334",432,,"6 nimmt!"
"0616806999990",155440,233305,"Pleasant Dreams"
"7291219008953",2425,,"Battleship"
"5011363525494",5425,,"MindTrap II"
"0047754480160",42283,,"Disney Wizards of Waverly Place: Pick Your Potion"
"9780786904334",4597,109973,"Blood Wars"
"0017102000050",8484,,"Xena Warrior Princess: The Board Game"
"4007396137408",8129,,"Sluff Off!"
"5011921960521",317616,,"Warhammer 40,000 (Third Edition): Codex – Armageddon"
"8411349052155",14032,,"Finders keepers!"
"0080742011045",2795,,"Car Wars"
"9788886463157",178656,275500,"Brettspiel Adventskalender 2015"
"9781844163335",30668,117529,"Hannibal and the Punic Wars"
"0818749009112",22348,,"Duplik"
"9781588468994",2122,,"Vampire: The Eternal Struggle"
"0798304339185",195338,,"Sentinels of the Multiverse: Complete Hero Variant Collection"
"4011898081510",172073,,"MammuZ"
"0854382007436",264321,428275,"Dead Man's Cabal"
"5010994545048",2719,,"Connect Four"
"4001504481186",461,25079,"Freibeuter"
"0129220725316",1887,,"Legend of the Five Rings"
"0803004451003",14442,,"Killer Bunnies and the Quest for the Magic Carrot: Twilight WHITE Booster"
"0736211019233",154597,,"Hive Pocket"
"4011898081220",98778,,"Hanabi"
"0729220058492",191998,297854,"Lost Legacy: Fourth Chronicle – The Werewolf & Undying Heart"
"4007396029017",2047,,"Up the Creek"
"0080742071261",20198,,"Combat Showcase"
"4260402310787",176494,,"Isle of Skye: From Chieftain to King"
"3289880002633",1042,,"Dragon's Gold"
"0678554056073",19174,196983,"Star Fleet Battles: Module R2 – Reinforcements 1"
"0053334916417",285158,465323,"Legendary Encounters: Alien Covenant"
"4260300450585",318983,525649,"Faiyum"
"8717249195856",106217,,"Hawaii"
"9780764320323",22427,,"Miscellaneous Game Book"
"6430018270197",146690,217017,"Eclipse: Ship Pack One"
"4002051688110",29718,,"Die Siedler von Catan: Kartenspiel – Ritter & Händler"
"9781938146343",134157,189100,"Guilds of London"
"0670541633779",111861,,"Cards Against Humanity: First Expansion"
"8710126035504",1475,,"Careers"
"8595558302369",183840,,"Oh My Goods!"
"0700443442770",143994,,"Capo Dei Capi"
"0729220053039",101711,,"Nightfall: Blood Country"
"0029877041053",9615,72424,"Station Master"
"7189726780038",159461,240571,"Clan War: Crab Army Expansion"
"5077927958818",268308,,"Warhammer: The Game of Fantasy Battles (6th Edition Boxed Set)"
"0655003984149",253635,,"Ragusa"
"0655132005203",175754,,"Roll for the Galaxy: Ambition"
"8594156310356",182027,,"Galaxy Trucker: Missions"
"4007396050103",697,,"Conspiracy"
"3558380011255",92828,,"Dixit: Odyssey"
"9783930635771",1927,,"Munchkin"
"0834581001107",4076,110647,"Management Material (General Office Edition)"
"9781472822222",236191,,"London (Second Edition)"
"5011921935345",3072,,"Necromunda"
"0045708088325",9722,549641,"Napoleon's Battles Module 2"
"9783937826172",13751,29773,"Under the Shadow of the Dragon"
"4007396039559",1321,,"Catch the Match"
"8719214420109",172381,,"My Village"
"0742818065528",463,,"Magic: The Gathering"
"5012822065001",29321,,"The Ultimate Dice Game Compendium"
"2160017740387",1072,,"Wat'n dat!?"
"0610696673169",98046,,"Sake & Samurai"
"3558380036807",192701,,"Final Touch"
"4007396049404",12942,21178,"No Thanks!"
"9780971064232",2242,,"Creatures & Cultists"
"4250231716119",118,,"Modern Art"
"0729220058188",175223,,"Valley of the Kings: Afterlife"
"0798304338973",235182,,"Sentinels of the Multiverse: Oversized Villain Cards"
"0046575030028",316385,520817,"RuneSword: Cal – Warrior with Sword and Shield"
"7012117237036",1402,,"Neolithibum"
"4002051690038",12002,,"Jambo"
"0655132001649",486,,"Barnyard Buddies"
"8015760030985",105037,,"Tournay"
"9781945323003",193668,300783,"The Red Dragon Inn: Battle for Greyport"
"9781616619206",155693,,"Game of Thrones: Westeros Intrigue"
"5077927927555",16538,,"The Battle of Five Armies"
"8717249192008",24224,,"Anasazi"
"0653341735102",257582,,"Periodic: A Game of The Elements"
"6921079005748",8909,,"Lu Zhan Jun Qi"
"4015566011311",71493,,"Battles of Westeros: Wardens of the West"
"5908310266206",73369,,"51st State"
"0020315007006",2065,,"Shogi"
"8171472960160",38386,,"A Castle for All Seasons"
"0681706070926",70149,,"Ora et Labora"
"0655132002516",12002,,"Jambo"
"9788495712325",822,,"Carcassonne"
"0019962572937",199329,,"Xia: Embers of a Forsaken Star"
"8058180000022",129382,176368,"Ark & Noah"
"0794164015801",4035,,"Man Bites Dog"
"4260370820165",163967,,"Tiny Epic Galaxies"
"5011921965564",317633,523344,"Warhammer 40,000 (Third Edition): Codex – Catachans"
"4007396089400",153,,"Take 5!"
"4007880092015",122,,"Quo Vadis?"
"0681706040547",65521,41236,"Chaos"
"5425016923818",173346,,"7 Wonders Duel"
"9781883476090",20257,279264,"Chef de bataillon"
"9783833945236",35428,,"Bohnanza: Spiderbeans"
"0728028205282",173080,,"Myth: Rath Captain Pack"
"8717249193753",67239,,"Catan Histories: Settlers of America – Trails to Rails"
"3421271300854",3190,,"Quixo"
"8718026300524",31808,,"GUBS: A Game of Wit and Luck"
"4010168031057",24415,,"Käpt'n Jan"
"0659390032100",89898,78961,"Faux•Cabulary"
"0029877057528",30241,,"Patrician"
"4260070431111",90040,,"Pergamon"
"0866383000026",179245,,"World Championship Russian Roulette"
"8809302940074",130232,179115,"Wind Runner"
"5425028270016",73439,,"Troyes"
"0032244042232",1231,,"Bausack"
"0841333101930",205610,,"A Game of Thrones: Hand of the King"
"0728028217278",123129,,"We Didn't Playtest This: Legacies"
"5010994413873",2452,,"Jenga"
"5050048005197",22147,189139,"Old Macdonald's Farm Game"
"0655132005340",209357,326917,"Dominion: Update Pack"
"4250231709074",129622,,"Love Letter"
"0681706040448",15290,,"R-Eco"
"0655132003377",28089,,"Château Roquefort"
"4006592670894",66,,"Löwenherz"
"4015682259000",21855,,"Niagara: The Spirits of Niagara"
"0702021085768",7222,,"Wizard Kings: Expansion Armies"
"0899218000168",312670,513802,"Trivia by the Pound: Movies Trivia Game"
"9780978924126",25974,189070,"Gloire: Swashbuckling Adventure in the Age of Kings"
"4001504481353",5405,,"Carcassonne: Expansion 2 – Traders & Builders"
"4033477903198",269041,,"Calavera"
"8719327030554",251658,,"Sprawlopolis"
"3558380011415",526,,"Abalone Classic"
"5060004970681",2681,,"Countdown"
"0653341723000",245446,,"Nimble"
"3558380001591",18588,40479,"Les Fils de Samarande"
"4010168045115",35812,,"Wild Vikings"
"0767298074761",137,,"Pass the Bomb"
"0729220058171",145928,,"Empire Engine"
"4001504481902",29549,,"Saint Petersburg: New Society & Banquet Expansion"
"5205444110895",63268,,"Spot it!"
"4007396067101",21632,,"To Court the King"
"0810558010020",32849,,"Cat in The Hat:  I Can do that!"
"0655132002653",16226,,"Gone Fishing!"
"3421271300724",1419,,"Pylos"
"0824968726617",40692,,"Small World"
"9781589946613",69962,32167,"Tide of Iron: Fury of the Bear"
"0018874400109",5733,94999,"Star Wars Lightsaber Dueling"
"0050626313800",10127,91440,"Motor Mouth"
"4007396046304",162152,,"Ciúb"
"5201998011114",171,,"Chess"
"4038106053053",1489,,"Deadwood Studios USA"
"0887961560510",274034,447239,"UNO: Jurassic World"
"4751010193041",11,,"Bohnanza"
"0097914199852",145371,,"Three Kingdoms Redux"
"8717371241216",127067,,"King of Tokyo: Power Up!"
"0095109016380",183832,284529,"Battles for the Galactic Empire"
"8719214420055",159675,,"Fields of Arle"
"4035576020134",4636,,"Clans"
"5902560381450",238392,,"Neuroshima Hex! 3.0: Iron Gang Hexpuzzles Pack"
"0793573719317",65901,,"Age of Industry"
"0450522856546",29621,84083,"House of Whack"
"0718122624843",2179,,"Musketeers"
"0735850238494",209926,,"Movable Type"
"0759751002336",22864,,"Zeus on the Loose"
"4001504482039",66613,,"Titania"
"5011921956616",317635,,"Warhammer 40,000 (Third Edition): Codex – Tyranids"
"4683582530439",163412,,"Patchwork"
"9784894257924",46313,,"Queen's Blade: Rebellion"
"9781589944602",37111,,"Battlestar Galactica: The Board Game"
"0852665454915",182398,,"Hostage Negotiator: Abductor Pack 3"
"9780979248375",147790,219660,"Buccaneer Bones"
"0047754824179",4694,,"Friends Trivia Game"
"5023117391132",2375,,"Sequence"
"3558380013952",118418,,"Divinare"
"3760093330107",20782,,"Siam"
"8436017220780",12333,,"Twilight Struggle"
"5908310266435",144529,,"Theseus: The Dark Orbit"
"0718601009109",15990,40963,"Storm Over Scandinavia"
"0803004481000",20621,23818,"Killer Bunnies and the Quest for the Magic Carrot: Wacky KHAKI Booster"
"3760175515514",394,,"Kahuna"
"0807658000013",27155,,"J'te Gage Que..."
"0728028205237",154250,231100,"Myth: Orcneas, Master of Masters Expansion Boss"
"0610585961681",222972,348318,"Darkest Night: The Small Hours"
"0824968123904",30232,,"BattleLore: The Hundred Years' War – Crossbows & Polearms"
"3760146643017",171131,,"Captain Sonar"
"4007396029604",1403,,"Turn the Tide"
"9781589946903",90137,,"Blood Bowl: Team Manager – The Card Game"
"3760017144469",3800,31433,"Himalaya"
"9781589781795",222853,348057,"Witches of the Revolution"
"0748252001412",149109,222348,"Crabs Adjust Humidity: Volume Two (fan expansion for Cards Against Humanity)"
"8717249197164",118048,,"Targi"
"0655132003438",31497,,"Oregon"
"9782914849647",37904,,"Formula D"
"4015566030763",19857,,"Glory to Rome"
"5425016920657",92539,,"7 Wonders: Leaders"
"9788496422445",2993,,"Carcassonne: Expansion 1 – Inns & Cathedrals"
"4007396089905",17025,,"Friday the 13th"
"0807652036391",27970,111339,"Star Wars PocketModel TCG"
"7796785095609",2833,,"Wanted!"
"0741360380233",123260,,"Suburbia"
"6416739004235",31411,,"Ord Mani"
"0681706709901",118048,,"Targi"
"0616909967575",178054,,"A Study in Emerald (Second Edition)"
"0625012104180",23781,,"Professor Noggin's Countries of the World"
"0854332000029",4356,26057,"Monkeys on the Moon"
"0029877035304",219513,,"Bärenpark"
"0013964757385",156858,,"Black Orchestra"
"9781589944206",39953,,"A Game of Thrones: The Card Game"
"0073000000776",5251,,"Camelot"
"0041187084308",10799,,"Old Maid"
"8718026302306",204814,,"Orléans: Trade & Intrigue"
"4015566030350",59416,21891,"Bohnedikt"
"6416844854039",23337,180721,"Kävikö flaksi?"
"4001504492526",105199,118875,"Space Mission"
"0021853021042",24783,,"24 DVD Board Game"
"0869152000029",210418,328730,"Tavern Masters"
"0681706040523",40235,28523,"Bridge Troll"
"0021853030037",13367,,"Charades for Kids"
"8435450203862",183840,,"Oh My Goods!"
"0026608006732",9516,,"Adverteasing"
"4015566005426",128780,,"Pax Porfiriana"
"0091039056045",19094,30886,"Star Fleet Battles: Module J – Fighters"
"9781589949621",94285,,"A Game of Thrones: The Card Game – Queen of Dragons"
"4006366221901",25315,152335,"Schneckenrennen"
"0010599040004",3895,,"Silent Death"
"0718122565399",128885,,"Blockers! The Card Game"
"4015566030756",85036,,"20th Century"
"4250231704130",125492,,"Munchkin Zombies 3: Hideous Hideouts"
"5011921001545",317002,522086,"Warhammer 40,000 (Second Edition): Codex – Angels of Death"
"3558380018315",137269,,"Spyrium"
"0021853041231",89541,78313,"The Office Trivia Game: The Sequel"
"4015566031159",183284,,"Factory Funner"
"9780873495523",22427,,"Miscellaneous Game Book"
"5010994229450",72566,,"Monopoly: The Simpsons Electronic Banking Edition"
"0056297502000",1258,,"Phase 10"
"4007396029000",2047,,"Up the Creek"
"4004618703090",430,,"Asterix: Das Kartenspiel"
"4015682200224",4502,20480,"König der Maulwürfel"
"0852468006854",239937,377062,"Fake News"
"0688623101429",36218,,"Dominion"
"0013964757941",297973,,"Everdell: Extra! Extra!"
"4006592688615",135,,"Kontor"
"0718122623242",62343,22126,"Cornucopia"
"4001504481278",1261,,"Medina"
"0659390055550",14,,"Basari"
"5011921956951",268472,,"Warhammer (Sixth Edition): Orcs & Goblins"
"8717371240110",923,,"Breakaway Rider"
"0602573191941",194923,302854,"Techno Bowl: Arcade Football Unplugged"
"9783788607340",25099,151794,"Reise durch das Mittelalter"
"0609456647564",182638,,"Harald"
"8425402323458",270969,442378,"Herstoricas Pioneras"
"4011898081329",5782,,"Coloretto"
"9781427616487",234,,"Hannibal: Rome vs. Carthage"
"4001504481612",21385,,"Carcassonne: Expansion 4 – The Tower"
"0678554056264",26256,196980,"Star Fleet Battles: Module R10 – The New Cruisers"
"4004618703007",1206,,"Venture"
"0688623904822",66171,,"Dragonheart"
"5022160301440",29786,,"IQ Disc"
"0850004236314",288168,,"Res Arcana: Lux et Tenebrae"
"0824968782910",90305,,"Cargo Noir"
"9783937826011",3943,,"Munchkin 2: Unnatural Axe"
"0029877004928",4103,,"Catan: Seafarers – 5-6 Player Extension"
"3760184940161",154863,,"Archipelago: War & Peace"
"9781589949546",95619,,"Chaos in the Old World: The Horned Rat Expansion"
"9781568811307",18096,,"Winning Ways for Your Mathematical Plays"
"0736211371515",98351,,"Core Worlds"
"4011898030716",27588,,"Zooloretto"
"4010168201610",159566,,"Unicorn Glitterluck: Cloud Crystals"
"0053334803663",129437,176625,"Legendary: A Marvel Deck Building Game"
"5010994178130",25142,,"Tal der Abenteuer: Die Schatzsuche im Himalaja"
"8437013454216",73761,,"K2"
"0831614005064",8177,139782,"UNO: Spider-Man"
"0655132003612",34635,,"Stone Age"
"0058482044265",4040,,"Tri-Ominos"
"0672975032067",272637,,"Root: The Underworld Expansion"
"0044222197032",33289,183763,"Queen Bee's Color and Shape Party!"
"9178171001018",360,,"Quests of the Round Table"
"0803004351006",3398,23750,"Eye of Horus"
"0745238227842",2132,,"Guardians"
"9780913866689",1465,31724,"Wizard"
"8714649001985",36783,,"Jishaku"
"0086002029959",2453,,"Blokus"
"0722301926178",41114,,"The Resistance"
"5018743100005",36681,,"Recall Comedy"
"5011921954780",268477,,"Warhammer (Sixth Edition): Vampire Counts"
"5020674914903",29299,156074,"Doctor Who and the Dalek Spinomatic game"
"9781589780828",14736,,"Let's Kill"
"0655132002110",5405,,"Carcassonne: Expansion 2 – Traders & Builders"
"4007396052107",11836,,"Code Stack!"
"0086079001018",701,,"A House Divided: War Between the States 1861-65"
"9001890767494",2993,,"Carcassonne: Expansion 1 – Inns & Cathedrals"
"0625012620161",25669,,"Qwirkle"
"0841333101923",207581,,"Star Wars: X-Wing Miniatures Game – Quadjumper Expansion Pack"
"7796785096743",2922,,"Chairs"
"0689076193160",19841,,"Pentago"
"4470243723701",33959,,"Het Huis Anubis"
"8594054919927",269385,,"The Lord of the Rings: Journeys in Middle-Earth"
"0897654000001",11018,101100,"Roundabout"
"8717249191933",23616,,"Kakuro Challenge"
"0778988972243",3522,,"LCR"
"0019275015107",13576,,"Math Dice"
"0681706040318",12942,,"No Thanks!"
"9781887911085",316006,520233,"Diskwars: Legions – Nightmare in Nharwood"
"4015682200378",8668,26043,"Igloo Pop"
"0689070078821",123260,,"Suburbia"
"4260071879929",233502,,"Katarenga"
"6416739020136",34681,,"Top Dog"
"0761707373025",16514,188399,"Scooby-Doo! Monster Chase"
"5011921124602",292731,,"Warhammer Underworlds: Beastgrave – The Grymwatch"
"9781616610128",93038,,"Battles of Westeros: Tribes of the Vale"
"4977513043120",13,,"Catan"
"4000826012818",149863,,"Castro"
"4007396008036",315988,,"Diskwars: Knights of Falladir"
"8436017223736",30549,,"Pandemic"
"0080742087316",37626,,"Autoduel Quarterly"
"9780984155804",114871,141081,"For The Win"
"0625012104135",21561,,"Professor Noggin's Wildlife of North America"
"0093514273381",764,,"Mad Gab"
"4015566005228",38266,50310,"Kriegbot"
"2064113788673",216650,,"Agricola Game Expansion: Green"
"0027084182576",22386,250323,"Tangled Tales Starter"
"0728028043464",82572,64626,"Dive! Diver! Die!"
"0792273251004",158408,,"Coup: Deluxe Edition"
"3760175510465",128063,,"Uchronia"
"0609456648806",45,,"Perudo"
"4002051684617",13,,"Catan"
"0625012104463",85957,71371,"Professor Noggin's Baseball"
"7640131630030",28023,,"Jamaica"
"0029877030019",4100,,"Starfarers of Catan: 5-6 Player Expansion"
"0655132001601",509,,"The Reef"
"4011898030419",2229,,"Spiel"
"0023151013200",31771,,"Pocket Ungame: Families"
"0604565054623",237901,,"Dice Hospital: Deluxe Add-Ons Box"
"9784798606385",132263,,"Queen's Blade: Grimoire"
"0655132004152",55600,,"Shipyard"
"3010006600002",483,,"Diplomacy"
"0655132001182",394,,"Kahuna"
"4035576010159",16395,,"Blokus Duo"
"4021614011042",943,,"Ligretto"
"4015566011649",94362,,"Rune Age"
"5012822059208",12427,,"Trekkie Trivia"
"0729220050212",152765,228767,"Thunderstone Advance: Worlds Collide"
"4012426707858",21110,104734,"Hipp Hipp Hippo!"
"4010350090213",6249,,"Alhambra"
"9781887911078",316007,520234,"Diskwars: Legions – Massacre at Godstone Keep"
"8717249190325",7717,,"Carcassonne: The Castle"
"9780000000002",950,,"Four Dragons"
"5023117555404",1111,,"Taboo"
"4010350603376",22279,,"Alhambra: The Treasure Chamber"
"8595558300167",130060,,"Ohne Furcht und Adel"
"4011898081411",153624,,"Oink!"
"0034057054013",19109,84928,"Renegade Legion: Centurion – Harbingers of Death"
"9781556343032",1552,,"Illuminati: New World Order"
"4250231706028",139899,,"VivaJava: The Coffee Game: The Dice Game"
"0728028450958",228935,,"Tiny Epic Defenders: The Dark War"
"5023117374760",27239,,"Trivial Pursuit: World Cup Edition"
"5028080000111",9480,,"Libel"
"4010350700112",16497,,"Rat Hot"
"5902650613904",273473,,"Terraforming Mars: Turmoil"
"0803979007168",63268,,"Spot it!"
"9781885681713",3843,58168,"Tomb Raider Collectible Card Game"
"0729220070128",213980,333802,"Automobiles: Racing Season"
"3760175512896",156138,,"Happy Pigs"
"3760052140099",15139,,"Rapidcroco"
"0807652060112",10653,,"Pirates of the Spanish Main"
"0752423090020",122522,,"Smash Up"
"3558380031000",146508,,"T.I.M.E Stories"
"0074299426346",7343,48785,"Chatter Matters"
"6416550856051",20281,,"Inkan Aarre"
"4260070331138",90041,,"Principato"
"5907506208150",325,,"Catan: Seafarers"
"0804551093623",139766,,"Flash Point: Fire Rescue – Extreme Danger"
"4003332035463",25721,76140,"Turbulento"
"0852665454908",172638,,"Hostage Negotiator: Abductor Pack 2"
"4001504481469",13291,,"Citadels:  The Dark City"
"4260370820172",63888,,"Innovation"
"8410446100288",29020,,"Party & Co: Extreme"
"0728028205220",154622,231842,"Myth: Muckers Captain Pack"
"4002051697402",140743,205399,"Catan Junior Madagascar"
"0824968723913",25417,,"BattleLore"
"0718122565993",72132,39825,"Dragon Rampage"
"4001504492663",135327,192388,"Kniffel: Das Kartenspiel"
"0841333102081",478,,"Citadels"
"9789178982226",1861,,"Dragonfire"
"0853821001004",21466,,"Monkeys!"
"4013754981040",72,,"Verräter"
"9781841549231",317534,523158,"Warhammer 40,000 (Fifth Edition): Codex – Imperial Guard"
"5025822200037",16395,,"Blokus Duo"
"5907377129226",181260,,"Burano"
"4001504408114",12346,,"Spooky Stairs"
"5205444110666",32405,,"Alles Tomate!"
"4010350602638",6249,,"Alhambra"
"0032244048005",4143,,"Guess Who?"
"0021853044560",15258,23229,"Beakman's World Beakmania Game"
"0736211371416",147,,"Crude: The Oil Game"
"8718026302450",179417,,"Orléans: Neue Ortskarten N°1"
"0093514067317",23076,179481,"Happy Birthday Party Games Freezy Fun"
"9781472815033",192074,,"Odin's Ravens (Second Edition)"
"0841333100599",181530,,"Runebound (Third Edition)"
"0076930400616",7688,,"Memory"
"0027084315424",9090,,"My First UNO"
"0705105080666",99078,99399,"Divided Republic"
"0027084935622",2389,,"Othello"
"4001504490010",34166,25817,"Finito!"
"0706949618558",177736,,"A Feast for Odin"
"0094922831941",30580,176689,"Khet 3D: Tower of Kadesh"
"0655132004923",132531,,"Roll for the Galaxy"
"0743124220441",681,,"Quarto"
"5012822050304",31215,,"The Name's The Game"
"8022167000664",22532,,"Wings of War: The Dawn of World War II"
"0045802922006",1258,,"Phase 10"
"0699122109533",29109,,"Dust"
"9783939794448",12194,,"Munchkin Bites!"
"0728028269789",134033,188798,"Legacy: Forbidden Machines"
"1920076028007",161600,,"Panzer Vor!"
"3289880002305",234,,"Hannibal: Rome vs. Carthage"
"0714838839205",176334,,"Guns & Steel"
"8052080020111",201509,,"Dead Man's Doubloons"
"4627119440150",175754,,"Roll for the Galaxy: Ambition"
"0782150647228",278398,454376,"Wreck Raiders: Kickstarter Edition"
"0095109015055",11706,49749,"Lightning: D-Day"
"0076930409794",4189,86281,"Star Wars: Episode I – Battle for Naboo 3-D Action Game"
"4007396300512",20136,21893,"Rabohnzel"
"0091039056014",19091,,"Star Fleet Battles: Module C1 – New Worlds 1"
"4002051690397",37120,,"Pack & Stack"
"5023117239229",41551,,"Zoom Street: Mastermind Junior"
"5010994146153",327,,"Loopin' Louie"
"4015566012967",139596,,"Android: Netrunner – Creation and Control"
"9781929780105",815,,"Chrononauts"
"6416739021942",5640,,"Bombay Bazar"
"0020373200722",29419,,"Chicken or Egg?"
"8717371240042",1927,,"Munchkin"
"3830029361144",3570,,"Chicken Cha Cha Cha"
"0050758355044",6809,119954,"007 James Bond: The Man with the Golden Gun"
"0665760999249",189975,294449,"Aviary"
"4010168229874",223734,,"Crazy Corral"
"4007396009231",82402,,"Friesematenten"
"0746775363840",2453,,"Blokus"
"7290010303106",17053,,"Sleeping Queens"
"0841333105402",255900,,"Arkham Horror: The Card Game – The Depths of Yoth: Mythos Pack"
"9783897778023",168659,,"Black Stories Junior: Purple Stories"
"9781936920600",199010,309600,"Millennium Blades: Sponsors Mini-Expansion"
"3760017142175",3387,89981,"Snowboard"
"0689076335379",31138,31464,"Amazing Space Venture"
"8717249191391",15511,,"Fjords"
"5023117304323",2952,,"Trivial Pursuit: Genus Edition"
"0602003999444",205050,,"Hostage Negotiator: Abductor Pack 5"
"5743210124252",13,,"Catan"
"0817009015375",134711,,"Guilds of Cadwallon"
"5011363560105",430,,"Asterix: Das Kartenspiel"
"4002051691639",22305,26081,"Sudoku: Duell der Meister"
"4007396039603",258,,"Fluxx"
"4004618704080",856,,"New York, New York"
"0095109040019",6405,53799,"Four Battles of the Ancient World"
"0729220053053",124601,165364,"Nightfall: Dark Rages"
"0034057053016",16510,40783,"Renegade Legion: Interceptor – TOG Fighter Briefing"
"0803004111006",13478,,"StrataGem"
"0826956400301",242574,,"Century: Eastern Wonders"
"8058056840059",158982,,"Blue Max: World War I Air Combat"
"6430018271996",91523,,"Mondo"
"0803004491108",90198,79565,"Killer Bunnies and the Quest for the Magic Carrot: Chocolate Booster"
"8717249192022",8203,,"Hey, That's My Fish!"
"3558380000600",3435,,"Zwergen Ziehen"
"0018874110039",788,,"Tales of the Arabian Nights"
"5011921001613",317004,522088,"Warhammer 40,000 (Second Edition): Codex – Imperial Guard"
"9001890743696",432,,"6 nimmt!"
"4006366246003",34531,159971,"Wimmelburger"
"0700615556977",192409,298445,"Clown Standoff"
"0653569113065",23953,,"Outside the Scope of BGG"
"4007396019438",175,,"What the Heck?"
"9781589945012",41064,,"Talisman (Revised 4th Edition): The Dungeon Expansion"
"5023117404979",1406,,"Monopoly"
"4015566010642",29298,,"Descent: The Road to Legend"
"0841333103347",234931,,"Star Wars: Destiny – Two-Player Game"
"9781589943087",152758,,"Penguin"
"0655132003865",40210,,"Race for the Galaxy: Rebel vs Imperium"
"4002051685010",278,,"Catan Card Game"
"0859094005015",159143,,"HUE"
"0841333105365",247718,,"Arkham Horror: The Card Game – Threads of Fate: Mythos Pack"
"0027084093773",11642,247745,"Harry Potter Hogwarts Dueling Club Game"
"0744205010029",3504,158166,"Super Deck!"
"0798304204711",102652,,"Sentinels of the Multiverse"
"4002051694067",229839,,"Imhotep: A New Dynasty"
"6430018271958",92539,,"7 Wonders: Leaders"
"4001504481896",36218,,"Dominion"
"5011921127177",291237,475640,"Warhammer Quest: Blackstone Fortress – Cultists of the Abyss"
"0046363070168",2519,80340,"Gammarauders: Revenge of the Factoids"
"7683283686883",40392,201440,"5°Dimension Playing Card Game"
"4013754051026",20178,29639,"Helden & Zaubersprüche"
"0841333104962",234511,,"My First Stone Age: The Card Game"
"2000000005751",68820,23122,"Enemy Action: Ardennes"
"8594156310448",235803,,"Tash-Kalar: Arena of Legends – Etherweave"
"4007396008043",315989,,"Diskwars: Lotharia Elves"
"9788495712875",6472,,"A Game of Thrones"
"8411349113962",26193,178915,"Cum Laude"
"6430018270081",125898,,"Eclipse: Rise of the Ancients"
"8717249190332",5404,,"Amun-Re"
"4010168044811",16362,,"Hula Hippos"
"4001504481346",4390,,"Carcassonne: Hunters and Gatherers"
"7391803922099",120,,"Hoity Toity"
"5011921993208",317001,522085,"Warhammer 40,000 (Second Edition): Codex – Sisters of Battle"
"9780971646520",20799,,"Tower Siege Expansion: Fiendish Foes"
"9783890649702",59204,,"Classic BattleTech: Technical Readout 3067"
"0040232512520",195421,,"Near and Far"
"0792273251721",227758,356066,"Kokoro: Avenue of the Kodama"
"4001504481698",27690,,"Thurn and Taxis: Power and Glory"
"4015566030718",39351,,"Automobile"
"0681706490014",143405,,"Sylvion"
"0814297002049",9782,53051,"Battle of the Bands: Encore Edition"
"5907814951595",5405,,"Carcassonne: Expansion 2 – Traders & Builders"
"5010994226909",23671,,"Monopoly: Spongebob Squarepants"
"4650000320026",11,,"Bohnanza"
"0729220058195",163354,,"Cypher"
"4002998017011",18574,,"Dark Force"
"4011898381726",218311,,"Deckscape: Test Time"
"9781616617394",157958,,"DungeonQuest Revised Edition"
"0053334480024",19643,30248,"World of Warcraft Trading Card Game"
"4029364000521",166901,254686,"Flatterspatzen"
"0824968717776",30746,20609,"Ticket to Ride: Switzerland"
"5011921001552",317008,522092,"Warhammer 40,000 (Second Edition): Codex – Eldar"
"0728028144093",96704,,"Fealty"
"4002051682217",638,,"Hera and Zeus"
"9780979248399",197573,307341,"Jet Set: Jumbo Jets – Expansion Set 2"
"9781887911061",316008,520235,"Diskwars: Legions – Last Stand at Dunwarr"
"4004618713068",3197,38679,"Kopf oder Knopf"
"0677666013615",32126,,"Chase"
"0859605004032",148182,220433,"Story War Deluxe"
"4897057851749",230080,,"Majesty: For the Realm"
"9780992251659",138161,,"Firefly: The Game"
"4250231711244",193739,,"Jórvík"
"0018874402066",3594,25000,"Star Wars: Battle for Endor"
"3830029361151",1334,,"Entdecker: Exploring New Horizons"
"0025766013002",45,,"Perudo"
"0810558017326",247188,,"Big Money"
"0072705000067",19379,86973,"Banzai!"
"9783939794127",31547,,"Kleine Helden"
"0681706070223",33154,,"Wasabi!"
"0860062000444",252119,404616,"Action Cats!: The Tabletop Adventure Expansion"
"5020674105967",3081,,"Rubik's Flip"
"4010168043401",39210,,"Tier auf Tier: Das Duell"
"0824968823996",30231,,"BattleLore: Goblin Marauders Specialist Pack"
"8711808007505",8243,,"Rolit"
"0027084209747",764,,"Mad Gab"
"5011921903917",317552,523193,"Warhammer 40,000 (Fourth Edition): Codex – Chaos Space Marines"
"8717371240172",9203,,"Wings of War: Famous Aces"
"0759751002060",7549,,"Stone Soup"
"5023117354021",24037,,"Escape from Atlantis"
"0609456646765",91620,,"Pastiche"
"4260489350621",267661,,"Crossing the Line: Aachen 1944"
"4010350609033",113294,,"Escape: The Curse of the Temple"
"0823464005240",6555,,"Diceland: Space"
"5205444110963",91534,,"Struggle for Catan"
"0602573311301",222145,,"Lucidity: Six-Sided Nightmares"
"4007396095005",158,,"Elfengold"
"4010350605523",58602,,"Cable Car"
"4010350060292",9560,72674,"Indus"
"0602573043769",233354,,"Chocolatiers"
"0653341720207",218127,,"Terraforming Mars: Hellas & Elysium"
"9781589942783",8817,251862,"Call of Cthulhu: Collectible Card Game"
"4250148200077",31909,71737,"Die Jagd nach dem Gral"
"0655132001113",363,,"Cat Blues"
"8718026302108",212551,,"Qwixx: Das Duell"
"0681706781006",822,,"Carcassonne"
"0653609192838",14076,,"The Ladybug Game"
"0080742087347",37626,,"Autoduel Quarterly"
"4001504493165",191071,296107,"Skull King: Das Würfelspiel"
"0655132003704",36218,,"Dominion"
"4260105830193",17382,31861,"History of the Roman Empire"
"9780977041909",19630,74298,"Bone Wars: The Game of Ruthless Paleontology"
"5011921962068",317623,523331,"Warhammer 40,000 (Third Edition): Codex – Craftworld Eldar"
"0702021085966",7222,,"Wizard Kings: Expansion Armies"
"5901549927016",105059,,"K2: Broad Peak"
"6533410402682",211716,,"John Company"
"9781878875877",4872,,"How to Host a Murder: The Wall Street Scandal"
"0076930866108",10383,23834,"Risk: Godstorm"
"0091037863676",240016,,"Munchkin Collectible Card Game: Cleric & Thief Starter Set"
"0074299434600",10341,,"Disney Charades Game"
"4007396049015",9220,,"Saboteur"
"9780982727973",28259,,"Cutthroat Caverns"
"0824968512913",4471,,"Fist of Dragonstones"
"6416844856668",6220,,"Afrikan tähti korttipeli"
"7392349102006",29520,,"Sagan om Ringen: Härskarringen"
"0827912057683",33122,111270,"Wonder Go"
"3760184940192",151369,226405,"Illegal"
"0681706070353",31479,,"Ubongo Extreme"
"4007396006308",11,,"Bohnanza"
"7312350106855",3313,,"Traverse"
"0027084345681",891,,"Cranium"
"8711177104409",33239,,"Trivial Pursuit: Chocolate Edition"
"0067786001072",2847,161788,"Supremacy: High-Tech Edge for Strategic Forces"
"0681706070704",76417,,"Poseidon"
"8437013454049",124708,,"Mice and Mystics"
"4012426882081",76085,,"Unauthorized Production"
"3558380022244",148228,,"Splendor"
"8717472960375",172386,,"Mombasa"
"0728028011968",4174,,"Lifeboat"
"0074299427459",3623,,"Survivor"
"0850505008489",241831,,"Reykholt"
"0681706715100",128174,,"Dragon Farkle"
"0798304339062",181935,281315,"Bottom of the 9th: Big League Support"
"0641171671769",247567,,"D-Day Dice Pocket"
"0609132848186",224133,350386,"The Cousins' War"
"0619770006039",22758,185838,"Great War at Sea: U.S. Navy Plan Gold"
"4006592605117",17870,152725,"Regn med Fætter Bjørn"
"0792273251622",183361,,"Shogunate"
"0681706490007",156336,,"Onirim (Second Edition)"
"8717249200291",163412,,"Patchwork"
"4007396069136",17027,,"Sitting Ducks Gallery"
"4007396017021",2944,,"Halli Galli"
"4007396025101",117663,,"Piraten kapern"
"4010350607114",75358,329710,"Paris Connection"
"4007396029109",1087,,"Matschig"
"3760184940116",105551,,"Archipelago"
"9324001000021",13423,,"Chessmate"
"0689070014447",155426,,"Castles of Mad King Ludwig"
"0065541540057",12346,,"Spooky Stairs"
"5023117304064",2001,,"Trivial Pursuit: Family Edition"
"0602573463345",186300,,"Laboratory Mayhem"
"5010995040290",1767,,"HeroQuest: Wizards of Morcar"
"4002051693404",34691,,"Catan: Traders & Barbarians – 5-6 Player Extension"
"0729220055521",220266,,"Smash Up: All Stars"
"0815442018236",159406,,"Portal: The Uncooperative Cake Acquisition Game"
"0071404310712",1406,,"Monopoly"
"0094922402905",121813,157904,"StelCon: Infinity"
"6430045050007",134724,190891,"World Wide Hockey"
"4007396076400",30241,,"Patrician"
"0611745858414",225818,,"Mini Rails"
"8436017223705",178900,,"Codenames"
"5010994159184",5393,,"Wheedle"
"3415871790016",42,,"Tigris & Euphrates"
"4005750740035",593,108037,"Favoriten"
"0824968617205",160069,,"Ticket to Ride: 10th Anniversary"
"9783937826028",14134,,"My Dwarves Fly"
"0859930005025",160851,,"Lanterns: The Harvest Festival"
"0025235020210",7301,,"Trivial Pursuit: Pocket Player Set – Boob Tube"
"0890596000016",9824,74573,"Employee of the Month"
"3558380002147",21654,24926,"Iliad"
"4260071876942",47156,33548,"Ystari Box"
"0670541597767",167400,,"Ashes Reborn: Rise of the Phoenixborn"
"5060167640124",36993,131671,"COLORS"
"0619770001058",4967,28502,"Rome at War II: Fading Legions"
"4630018520717",283393,,"Aquatica"
"9781589934702",203102,,"Buffy the Vampire Slayer: The Board Game"
"8033049930504",29903,32417,"Chang Cheng"
"0655132003414",31784,,"Carcassonne: Expansion 5 – Abbey & Mayor"
"8595558302604",204583,,"Kingdomino"
"4010168231617",218333,,"Rhino Hero: Super Battle"
"4751010190279",5405,,"Carcassonne: Expansion 2 – Traders & Builders"
"0681706716909",177736,,"A Feast for Odin"
"3770002176917",216985,,"Nomads"
"0635975666113",148001,220113,"What Would You Do for a Klondike Bar?"
"0655132004428",85243,,"Loch Ness"
"0627843094463",57390,,"Catacombs"
"0659390077507",10681,,"Apples to Apples Junior"
"0824968823972",29423,,"BattleLore: Goblin Skirmishers Specialist Pack"
"4715109020274",231639,,"Harvest Island"
"9780473099817",17344,,"Flames of War: Old Ironsides – Intelligence Handbook on US Armored Forces"
"5012269006360",8574,21911,"A Box of Silly Word Games"
"7612577003006",55427,,"Mr. Jack in New York"
"0824968823958",28250,,"BattleLore: Call to Arms"
"0667792230741",19796,,"Cranium: The Family Fun Game"
"4011898060911",57838,29757,"Valdora Extra"
"8809129332021",49,,"Mamma Mia!"
"5011921942435",317622,,"Warhammer 40,000 (Third Edition): Codex – Chaos Space Marines"
"4010350603475",39109,,"Alhambra: Power of the Sultan"
"0655244000158",7316,,"Bingo"
"0029877035007",40529,,"Cosmic Encounter"
"0889696007506",229123,,"Lorenzo il Magnifico: Houses of Renaissance"
"9781929780587",21955,,"Treehouse"
"019962194719",174430,,"Gloomhaven"
"0074299419409",2223,,"UNO"
"0841333108182",272514,,"Ashes Reborn: The Grave King"
"0780268019456",26982,,"The Kama Sutra Game"
"4028333200047",39241,107368,"Letter"
"0678554056257",25964,180914,"Star Fleet Battles: Captain's Yeoman – Captains Module A+"
"0653341089441",201250,,"Vikings Gone Wild: It's a Kind of Magic"
"5010994222246",28086,,"Risk Express"
"3760017142274",1426,,"Lord of the Rings: The Search"
"5023117366420",1294,,"Clue"
"4260316380043",160495,,"ZhanGuo"
"8717249193364",43018,,"Agricola: Farmers of the Moor"
"0782150647211",252877,405940,"Wreck Raiders"
"0665659995444",203170,316563,"Unlocked: The Mansion of Mana"
"5011921920310",30666,117534,"Spartacus"
"0073000000769",2557,,"Castle Risk"
"0644216627622",290448,,"Wingspan: European Expansion"
"9788496934511",36218,,"Dominion"
"0729220058669",197061,306564,"Fantahzee: Hordes & Heroes"
"8718026302993",174078,,"Holmes: Sherlock & Mycroft"
"6430031711646",47,,"Chinatown"
"0036663117007",6134,,"Crosswords"
"8718026300043",31481,,"Galaxy Trucker"
"5010995037603",1761,,"HeroQuest: Return of the Witch Lord"
"3289880002732",4329,,"Drake & Drake"
"0699788109311",22884,,"The Lord of the Rings: Battlefields"
"0824968724910",27746,,"Colosseum"
"5425016920534",68448,,"7 Wonders"
"4002051690168",50,,"Lost Cities"
"0700615556205",227422,,"Whoosh: Bounty Hunters"
"0742832653701",41010,,"Carcassonne Junior"
"0078206010017",24779,,"UNO House Rules"
"4007396028102",770,,"Loot"
"0635797717758",156266,,"Apex Theropod Deck-Building Game"
"8717472960078",13542,,"De Ontembare Stad"
"0655132004640",97842,,"Last Will"
"4011898081114",90474,,"Gold!"
"0655132001557",11,,"Bohnanza"
"4011898081817",245700,,"Party Bugs"
"3421271301714",7995,188899,"Quits"
"0029877004935",633,,"Elixir"
"6923436015155",22803,72044,"Anima"
"5011921120154",291239,,"Warhammer Quest: Blackstone Fortress – Abominable Intellect"
"0604015623065",284639,464433,"Gatefall"
"0803979023007",174660,,"New York 1901"
"4007396057201",19647,30105,"Wir sind schwanger"
"7312350127089",1406,,"Monopoly"
"0728028205497",173095,,"Myth: Agents of Darkness"
"0678554041086",74114,196957,"Federation Commander: War and Peace"
"0798304204704",110242,130361,"Sentinels of the Multiverse: Rook City"
"0897637004903",432,,"6 nimmt!"
"4260370820134",109276,,"Kanban: Driver's Edition"
"0045557237202",98242,130002,"Star Trek Deck Building Game: The Next Generation"
"0837956001221",89398,,"Magnetic Football"
"9784894256163",24894,,"Queen's Blade"
"4010350605714",58099,,"Granada"
"9781556346903",4604,,"Chez Greek"
"3770000904147",2266,,"Gobblet"
"8714649000261",4580,,"Who Is Going to Do the Dishes?"
"0852352000036",17713,,"Stack Gammon"
"0631080168726",192243,,"Hashtag Me!"
"3558380016229",55660,,"Dixit: Quest"
"0602573650578",236365,371078,"TOKYO JIDOHANBAIKI"
"4015566000537",217,,"A la carte"
"4007396019025",1494,,"Bohnanza Erweiterungs-Set (Revised Edition)"
"5010994065140",20096,,"Toru"
"0609456647427",200430,312029,"Elevenses for One (with Bowling Solitaire)"
"0859129002071",19857,,"Glory to Rome"
"4571345800076",139629,,"Mythe"
"0027084252828",22394,250326,"Tangled Tales Adventure Deck- Edgar & Ellen: The Eerie Wax Museum"
"3558380009832",83268,,"Formula D: Circuits 3 – Singapore & The Docks"
"9781616611897",104162,,"Descent: Journeys in the Dark (Second Edition)"
"9781591800019",6237,,"Cleopatra's Gambit"
"0045708008644",254,,"Empires in Arms"
"0074000002449",811,,"Rummikub"
"4250231714467",232043,,"Queendomino"
"7036777030035",316384,520816,"RuneSword: Endril – Elfin Archer with Epee"
"4573428260012",194723,,"Mask of Anubis"
"0700304046949",177697,,"Bang! The Dice Game: The Walking Dead"
"0681706070711",85105,,"Travel Blog"
"5011921937677",317611,523308,"Warhammer 40,000 (Third Edition): Codex – Eye of Terror"
"4007396047707",152986,,"GeoCards World"
"9781616615048",137479,,"Elder Sign: Unseen Forces"
"4035576020622",37371,,"Piece o' Cake"
"6416739019604",65742,,"Trivoli"
"4002051690120",28102,26079,"Sakkara"
"0076930404065",3284,33476,"Star Wars: Epic Duels"
"3558380046196",1198,,"SET"
"3010000001645",1293,,"Boggle"
"4010350700617",19989,,"Robber Knights"
"4015682249001",13308,,"Niagara"
"9780986451492",83281,66344,"Flames of War: Blitzkrieg – The German Invasion of Poland and France 1939-1940"
"4260071880338",232300,,"Wallet"
"3084246882825",118325,,"RoboTroc"
"4260018660139",20231,177846,"Die Pyramide des Krimsutep"
"4260149565044",82955,,"1655: Habemus Papam"
"9783897773288",26054,,"Black Stories 3"
"4001504481759",31497,,"Oregon"
"4260313510047",103828,,"The Jam"
"4002051693053",13,,"Catan"
"4015566030695",86012,71559,"Ladybohn: Manche mögen's heiss! – Mutterböhnchen"
"4011898008074",554,,"La Città"
"0681706040417",9108,,"Masquerade"
"0609456646758",139572,202812,"Karesansui"
"9781616632212",142547,,"Star Wars: X-Wing Miniatures Game – TIE Bomber Expansion Pack"
"0824968719619",15062,,"Shadows over Camelot"
"0611720999460",201186,,"Summit: The Board Game"
"0681706040578",33155,69360,"Burrows"
"0655132004404",66589,,"Navegador"
"5010994309282",34255,26959,"Deukalion"
"0718122262403",25613,,"Through the Ages: A Story of Civilization"
"0029877025008",2100,32287,"Myth Fortunes"
"9781947494503",283355,,"Dune"
"9781589946491",45543,,"BattleLore: Heroes Expansion"
"0058593000082",211940,,"Okey Dokey"
"4260071878731",140693,,"Fox & Chicken"
"0644216628025",315708,,"Tapestry: Plans and Ploys"
"0689076427760",28185,,"The Kaiser's Pirates"
"0078206036550",16092,94570,"Toxic Crusaders Card Game"
"7868000815108",239230,375936,"SOS Galápagos"
"0759751002350",2114,,"Duck, Duck, Bruce"
"0772603009079",8585,,"Home Improvement"
"3558380040392",73439,,"Troyes"
"5411068662836",18297,,"Experiment"
"4250231705946",165685,252115,"Munchkin Turbobooster 2"
"9781616611880",108415,,"Sid Meier's Civilization: The Board Game – Fame and Fortune"
"0753182231662",124708,,"Mice and Mystics"
"0824968088012",269725,,"Corinth"
"9781932867138",242,,"Junta"
"0029877012503",170,,"Family Business"
"4250231712197",217362,,"Frogriders"
"5011921124282",283077,461916,"Warhammer Underworlds: Dreadfane"
"0783403019311",5512,,"Fighting Fantasy Battle Cards"
"0033085513424",7586,,"An Enchanting Evening"
"0681706130002",148261,,"SeaFall"
"0824968118962",84406,,"Memoir '44: Winter Wars"
"0076930176078",10547,,"Betrayal at House on the Hill"
"3558380048626",220653,,"Splendor: Cities of Splendor"
"8594156310332",181796,,"The Prodigals Club"
"4260071876676",3119,,"Haste Worte?"
"9782914849876",125618,,"Libertalia"
"0018874402035",3548,,"Assault on Hoth: The Empire Strikes Back"
"9783890648644",23812,28386,"Drachenjäger von Xorlosch"
"5086506444888",69,,"Bollox"
"5011363180303",15090,,"Scrabble Dice"
"4250231714085",198740,,"Lovecraft Letter"
"0730828800932",8191,,"Snail Race"
"4007396099300",222,,"Space Beans"
"0864562000201",154825,,"Arkwright"
"5011921001583",317003,522087,"Warhammer 40,000 (Second Edition): Codex – Chaos"
"0656272792688",255165,,"SHIBUYA"
"8717371240226",19074,,"Ostia"
"4002051692872",215840,,"Exit: The Game – The Forbidden Castle"
"4011898040418",8989,,"Hansa"
"4250231704727",136223,292005,"Village: Inn"
"8035576000415",481,130090,"Carolus Magnus"
"4015682199610",293,,"Bamboleo"
"0797776015177",170042,,"Raiders of the North Sea"
"9781616610395",87507,,"Cosmic Encounter: Cosmic Conflict"
"3760184940178",154863,,"Archipelago: War & Peace"
"0824968826973",84183,,"Small World: Necromancer Island"
"9781841549514",317535,,"Warhammer 40,000 (Fifth Edition): Codex – Tyranids"
"9783937826592",18898,,"Munchkin Bites! 2: Pants Macabre"
"0850005534082",262534,425221,"Oak & Iron: Core Box"
"4007396099201",7708,,"Hisss"
"5011921001125",46080,,"Realm of Chaos: The Lost and the Damned"
"9310383667556",9061,,"Devil's Triangle"
"4006592670986",2114,,"Duck, Duck, Bruce"
"9783937826530",11058,,"Munchkin Blender"
"3558380006770",63268,,"Spot it!"
"0053334444019",22469,,"Avatar: The Last Airbender Trading Card Game"
"5908310266275",87890,,"Prêt-à-Porter"
"0076930405505",9049,,"Teenage Mutant Ninja Turtles Game"
"5011921911493",317548,,"Warhammer 40,000 (Fourth Edition): Codex – Tau Empire"
"0014468000090",1986,,"Spy Alley"
"4000826012016",15600,26184,"Kreta"
"4001504408299",11971,29753,"Cockroach Poker"
"4003332030352",8254,,"Balance"
"4001504481056",199,,"Manhattan"
"4015566012394",8203,,"Hey, That's My Fish!"
"7891219017216",1117,,"You're Bluffing!"
"0053334470407",19643,30248,"World of Warcraft Trading Card Game"
"3558380073277",312267,,"Star Wars: Unlock!"
"0019962269011",135812,,"Knot Dice"
"0729220058164",156976,236260,"Planes"
"4250231706738",176990,,"Rococo: Jewelry Box"
"9781616610142",68182,,"Isla Dorada"
"3770004907007",162391,,"Archaeologia"
"5011363100011",320,,"Scrabble"
"8032611690280",211323,,"Im Wandel der Zeiten: Das Kartenspiel"
"0071404310897",17157,105412,"Forbidden"
"9781589946712",31483,32123,"Constantinopolis"
"9781932091595",96901,,"Go For Broke: America's Immigrant Heroes – A Panzer Grenadier Scenario Book"
"7438222542573",260927,,"Mississippi Queen"
"5011921952663",69247,,"Warhammer 40,000 (Third Edition): Chapter Approved – 2001 Edition"
"5011363520628",1923,,"MindTrap"
"4013754001045",1379,,"Ebbe & Flut"
"0894769000087",31420,88096,"Cutthroat Caverns: Deeper & Darker"
"4007396076103",27385,,"Alchemist"
"8595558300174",21790,,"Thurn and Taxis"
"0080742099791",251602,403901,"Munchkin Side Quests"
"0091037863669",240026,,"Munchkin Collectible Card Game: Ranger & Warrior Starter Set"
"4011898038910",167,,"Dicke Kartoffeln"
"0761707133018",16517,187329,"The Berenstain Bears: Join the Team"
"9780857442765",189917,294375,"Doctor Who: The Card Game – Twelfth Doctor Expansion One"
"4015566011342",77423,,"The Lord of the Rings: The Card Game"
"0046363053314",10676,110034,"Star Frontiers: Knight Hawks"
"9781788268806",296712,,"Warhammer Quest: Blackstone Fortress – Annual 2019"
"5011921954629",268478,,"Warhammer (Sixth Edition): Dark Elves"
"3760146644045",193214,,"Meeple Circus"
"3760146643123",171131,,"Captain Sonar"
"9781589941366",9446,,"Blue Moon"
"3856010930847",65673,,"Masques"
"0655132002257",154094,230870,"Carcassonne Limited Edition"
"9781941816066",180942,279599,"A Touch of Evil: Dark Gothic – Colonial Horror"
"7350065322221",178900,,"Codenames"
"0859930005872",249889,,"Shipwrights of the North Sea (Second Edition)"
"0699788109816",236476,,"Ashes Reborn: The Masters of Gravity"
"0080742071308",41820,,"Uncle Albert's Auto Stop & Gunnery Shop 2038 Catalog"
"3010000001652",1293,,"Boggle"
"4004618712283",2390,,"Race to Riches"
"0027084037739",7824,,"Break the Safe"
"4260071880314",154880,,"Voodoo"
"0659390077217",27645,,"Apples to Apples: Party Box Expansion ONE"
"0074299022371",1804,27420,"Inklings"
"0681706070469",40770,,"The Golden City"
"4001504482251",106217,,"Hawaii"
"0729220070913",279254,,"Ecos: First Continent"
"0029877004676",130,,"Iron Dragon"
"0609456647762",248615,398502,"Railways of the World: Nippon Expansion"
"9780975588215",10807,74652,"Fishing for Terrorists"
"4004618704271",18117,,"Schoko-Hexe"
"0859961000020",6778,24951,"The Settlers of Zarahemla"
"0659390088886",5393,,"Wheedle"
"6425453000959",270364,,"Teotihuacan: Late Preclassic Period"
"4002051740221",91534,,"Struggle for Catan"
"8033772891042",478,,"Citadels"
"0644216476725",273473,,"Terraforming Mars: Turmoil"
"0653569566069",181,,"Risk"
"0021853015058",11901,,"Tic-Tac-Toe"
"0029877035151",200680,,"Agricola (Revised Edition)"
"4032106058070",27162,,"Kingsburg"
"0490871014013",31161,237923,"Monopoly: Michael Graves Design"
"0681706070445",45315,,"Dungeon Lords"
"8715000025329",133425,,"Quartett"
"8717249197409",129622,,"Love Letter"
"0655132004572",43570,,"Friday"
"4002288088011",3406,,"Lines of Action"
"5011921963188",317621,523328,"Warhammer 40,000 (Third Edition): Codex – Space Wolves"
"4011898361322",143741,,"BANG! The Dice Game"
"9781427613646",29073,,"Blockers!"
"0841333105419",257240,,"Arkham Horror: The Card Game – Shattered Aeons: Mythos Pack"
"4004618703328",1403,,"Turn the Tide"
"4542325402917",100423,,"Elder Sign"
"9781589780996",21666,66295,"Mad Scientist University"
"4976219707503",13,,"Catan"
"0688623903603",127436,,"Der Hobbit: Eine unerwartete Reise – Das Spiel zum Film"
"5023117210662",2392,,"Mastermind"
"4061897520916",245744,,"Great Western Trail: Rails to the North"
"0029877033065",34010,,"Journey to the Center of the Earth"
"1815563429613",1552,,"Illuminati: New World Order"
"8034055580196",144386,,"Dungeon Fighter: Fire at Will"
"9001890796890",217006,,"Carcassonne: Expansion 10 – Under the Big Top"
"4007396022001",3508,,"Hold Everything!"
"0634482709399",91536,,"Quarriors!"
"8032611690082",63539,,"Lupus in Tabula"
"0919110918139",129237,,"The Emerald City (fan expansion for Ticket to Ride)"
"9781568820088",1304,,"Credo!: the Game of Dueling Dogmas"
"4010168046655",157468,,"Ding Dong Forest"
"9369999002381",13714,,"Qubic"
"9788495712080",13,,"Catan"
"9783897776821",18803,,"Black Stories"
"3289880002312",4943,26403,"Formula Dé Circuits 3 & 4: Zandvoort 2 & SPA-Francorchamps"
"5908264496179",25567,53190,"Mozaika"
"0853183002022",43022,,"Yomi"
"5011921002207",11458,,"Battle for Armageddon Expansion Set: Chaos Attack"
"4042677014023",160673,242909,"Dominion: Die Intrige – Erweiterung"
"8718026300197",129508,176973,"Carson City: Gold & Guns"
"7070398099774",130006,,"Mini Kubb"
"0655132004169",66121,,"Race for the Galaxy: The Brink of War"
"9781589944619",37008,,"Arkham Horror: The Black Goat of the Woods Expansion"
"3558380010418",154597,,"Hive Pocket"
"0681706780092",153773,,"Carcassonne: Expansion 9 – Hills & Sheep"
"4015566008434",3421,,"StreetSoccer"
"9784798600987",24894,,"Queen's Blade"
"3558380021537",148228,280631,"Splendor"
"0653341026903",199727,,"Scythe: Invaders from Afar"
"0678554042199",22093,,"Federation Commander: Boosters"
"3770004610426",295260,,"It's a Wonderful World: Heritage Edition"
"5011921001002",63091,,"Space Hulk (Second Edition)"
"4250231705939",165684,252114,"Munchkin Turbobooster 1"
"3421271400714",121073,,"Panic Lab"
"5011363519677",2223,,"UNO"
"0022099147442",127048,170487,"Penny Arcade: Paint The Line ECG – Red Tide"
"9781894693271",10234,,"¡Arriba España!"
"0899625002007",219213,341513,"Pukes and Staggers"
"4010168031071",19267,,"Flipper Felix"
"4015566010680",37111,,"Battlestar Galactica: The Board Game"
"0678554032107",102051,107307,"Federation & Empire: ISC War"
"3760269590038",216985,,"Nomads"
"0718122262502",28720,,"Brass: Lancashire"
"9783937826073",8170,,"Return of the Heroes"
"9781589940307",478,22407,"Citadels"
"0853211004479",226065,,"Sheriff of Nottingham: Merry Men"
"0729220058973",159503,,"The Captain Is Dead"
"0610098413769",159675,,"Fields of Arle"
"0053334839761",158534,238982,"Bring Out Yer Dead"
"0887961060515",163,,"Balderdash"
"8032611690112",9792,,"Oriente"
"0091037244536",103660,,"VivaJava: The Coffee Game"
"0700461283379",178940,,"Push It"
"0825156104392",146361,216319,"Drinking Games From Around The World"
"5012822027405",5180,474456,"Murder à la carte: What the Butler Saw"
"8718026302757",234469,,"Origami"
"0061152622458",6585,,"Booty"
"4002051681210",50,,"Lost Cities"
"0093514073363",1607,,"Blurt!"
"9781568811420",18096,,"Winning Ways for Your Mathematical Plays"
"7612577001002",21763,,"Mr. Jack"
"4010350060285",8124,27115,"Industria"
"0074299428036",25615,250301,"UNO: Barbie California Girl"
"0029877004942",926,,"Catan: Cities & Knights"
"0638936821828",186359,288339,"Middle Creek: Folio Series No. 6"
"0022629020108",2687,,"Baseball Card All Star Game"
"8032680820328",161802,244776,"Munchkin La Rivincita del Babbo"
"0703396010720",229161,,"Pirate's Plunder"
"8032998400014",13823,,"Fairy Tale"
"6425453001079",306481,,"Tawantinsuyu: The Inca Empire"
"4015682257006",20081,101532,"Dschamál"
"4001504481681",27172,,"Ponte del Diavolo"
"9782914849890",2511,,"Sherlock Holmes Consulting Detective: The Thames Murders & Other Cases"
"0681706040660",619,,"The Bottle Imp"
"4250231754562",117914,,"Milestones"
"7312350106275",5130,,"Afrikan tähti"
"9782891980456",16944,,"Muggins!"
"4070350800809",172547,,"Queen's Architect"
"0080742011113",162,,"The Awful Green Things From Outer Space"
"0759751002442",31808,,"GUBS: A Game of Wit and Luck"
"5205444110116",1927,,"Munchkin"
"0681706137001",148261,,"SeaFall"
"0718122624546",15512,,"Diamant"
"8471812241271",27708,,"1960: The Making of the President"
"3760052141928",98778,,"Hanabi"
"9781589941267",8593,,"Wreckage"
"0859930005087",38054,,"Snow Tails"
"0095109015048",11705,30358,"Lightning: Midway – June 4th to June 6th, 1942"
"0083832338817",233859,,"878 Vikings: Invasions of England – Viking Age Expansion"
"0091037863652",240025,,"Munchkin Collectible Card Game: Wizard & Bard Starter Set"
"4007396017700",1465,,"Wizard"
"8718026300203",63740,,"Hotel Samoa"
"0610895157019",217353,,"Assembly"
"5012269009880",224,,"History of the World"
"4002051699109",27710,,"Catan Dice Game"
"9781589941014",6521,,"Magdar"
"5023117472176",111,,"Rheinländer"
"0079346002658",1613,,"Ghost Castle"
"0856232002288",164196,249066,"The Duke: Reinforcements – City Troops"
"9780891413837",22275,,"Armor Attacks: The Tank Platoon"
"5011921001569",317007,522091,"Warhammer 40,000 (Second Edition): Codex – Orks"
"4011898041712",217449,,"NMBR 9"
"0019275077600",18199,,"What's GNU?"
"6923436015162",21096,117102,"Castella"
"3289880002602",2537,,"Draco & Co"
"8007590014105",2887,,"The Yeti Slalom"
"4022556016102",1806,,"The Piggyback Brigade"
"4007396008029",315987,,"Diskwars: Farrenghast's Undead"
"4002051690717",9446,,"Blue Moon"
"8717249199281",156009,,"Port Royal"
"0021853022162",811,,"Rummikub"
"5908445421044",42,,"Tigris & Euphrates"
"4260070350450",66505,,"The Speicherstadt"
"4002051696337",20431,118410,"Die Wilden Fussballkerle: Tooor! Das wilde Fussballspiel"
"4007396079517",31506,,"Ziegen Kriegen"
"0029877030682",34691,,"Catan: Traders & Barbarians – 5-6 Player Extension"
"4260071877659",124378,,"Die kleinen Drachenritter"
"0078206010307",4310,,"Sting"
"4010350700419",16499,,"Architekton"
"0086079018436",30792,,"Space 1889 Adversaries"
"3760146643055",193210,,"Dice Stars"
"0023151061058",28910,177053,"Bible Blurt: The Card Game"
"0824968717912",9209,,"Ticket to Ride"
"4010168046327",23953,,"Outside the Scope of BGG"
"9781577345275",27164,180740,"Who Said... Book of Mormon Game"
"0638936821811",172737,265535,"High Frontier (Third Edition)"
"3760052140075",12316,88340,"Sky My Husband"
"0852877000443",28270,253153,"Scene it? 007 Collector's Edition"
"3770011462025",287217,468568,"Pirates Under Fire"
"0094922843500",109215,128378,"Gunship: First Strike!"
"0086079018214",30792,,"Space 1889 Adversaries"
"4002051690083",22484,,"Ingenious: Travel Edition"
"9780976914419",24310,,"The Red Dragon Inn"
"0841333102210",216014,,"Aye, Dark Overlord! The Green Box"
"4260070350085",23053,21742,"Guatemala Café"
"5011921937370",268491,,"Warhammer (Sixth Edition): Beasts of Chaos"
"0681706070506",43015,,"Hansa Teutonica"
"0655132002868",21385,,"Carcassonne: Expansion 4 – The Tower"
"0681706040387",17251,,"Arne Junior"
"0610585960387",41627,,"Zulus on the Ramparts!: The Battle of Rorke's Drift – Second Edition"
"8651125002084",16809,,"Suds"
"0029877007004",26035,,"From the Casebook of Michael Collins' Dan Fortune"
"4015682280004",35339,,"Cheesy Gonzola"
"4010168034782",17329,,"Animal Upon Animal"
"9781938146787",155969,,"Harbour"
"4015566000216",38707,37884,"Bushido: Der Weg des Kriegers"
"0681706714813",172380,,"Camel Up: Supercup"
"4005556217403",16831,,"Round the Rails Game"
"5010995044328",2452,,"Jenga"
"7331387948801",297,304674,"Stadens Nyckel"
"5011921082032",216171,,"Blood Bowl (2016 edition): Blood on the Snow Pitch"
"9789077855010",12623,,"UWO"
"4002998018285",2136,,"Pachisi"
"5011921972913",317619,523326,"Warhammer 40,000 (Third Edition): Codex – Blood Angels"
"8034055580264",143693,,"Glass Road"
"9780979658525",32248,23892,"Last Night on Earth: Growing Hunger"
"8711793813402",16534,140211,"Grolsch Master Game"
"9789178981045",3007,,"Noteability"
"0778988900642",1917,,"Stratego"
"0127109791919",21287,,"Bison: Thunder on the Prairie"
"5425016924235",173346,,"7 Wonders Duel"
"3760269590007",216985,,"Nomads"
"0080742099739",253234,406585,"Blob Lobber"
"0681706099989",38188,,"Neuroshima Hex! Babel13"
"8437001985678",161317,,"Terra Mystica: Fire & Ice"
"4002051681012",908,,"Tally Ho!"
"0681706120034",201899,,"Ashes Reborn: The Roaring Rose"
"8717344310772",76674,,"String Railway"
"0672975067250",259135,,"Rise to Nobility: Beyond"
"4010350060322",16494,,"Alhambra: The Thief's Turn"
"0027084919530",1197,,"Blink"
"5010994119027",3728,,"Ker Plunk"
"9783939794455",18898,,"Munchkin Bites! 2: Pants Macabre"
"5702014589704",46745,,"Lava Dragon"
"4015566980006",155,,"Was sticht?"
"0841333106874",30549,,"Pandemic"
"0029877035052",163412,,"Patchwork"
"0681706040509",31105,,"Archaeology: The Card Game"
"0067786001034",1521,,"Supremacy: Warlords and Pirates of the Neutral Zones"
"4751010190170",2993,,"Carcassonne: Expansion 1 – Inns & Cathedrals"
"5015766004709",40589,,"Them & Us"
"8711177084138",40083,,"Cluedo Chocolate Edition"
"0728028398922",148951,,"Tiny Epic Kingdoms"
"6430018270609",619,,"The Bottle Imp"
"9781556346910",6250,89475,"Chez Grunt"
"0021853030181",2392,,"Mastermind"
"5018163002729",32828,73153,"The Really Nasty Golf Game"
"3770001556390",176494,,"Isle of Skye: From Chieftain to King"
"8595558302284",143884,,"Machi Koro"
"0044903930828",1833,27584,"The Willow Game"
"0854382007245",143884,,"Machi Koro"
"9783897773929",32743,,"Black Stories Mystery Edition"
"4010168043562",30474,85351,"Schildi Strandkröte"
"0700615557219",223953,,"Kitchen Rush"
"9780971364318",9227,,"Weed!"
"0824968826782",109632,129121,"Small World: Tunnels"
"0889696009562",260936,,"Cthulhu: Death May Die – R'lyeh Rising"
"6416739025568",22912,,"Speedybag"
"9781589942868",22172,,"Arkham Horror: Curse of the Dark Pharaoh Expansion"
"0631080099204",40276,32653,"Masters of Venice"
"0076930410509",2897,28498,"In Pursuit"
"3558380022923",144468,,"Jungle Speed Safari"
"0627843208198",146559,216727,"Infamy"
"8712427031575",2392,,"Mastermind"
"0681706781013",2993,,"Carcassonne: Expansion 1 – Inns & Cathedrals"
"0027084803334",2453,,"Blokus"
"0064142000069",432,,"6 nimmt!"
"5011921958016",29897,117526,"Warhammer: Fall of the West – A Supplement for Ancient Battles"
"8718026300449",102835,,"Lost Temple"
"0700615556236",200954,,"Fields of Green"
"5011921981571",317000,522084,"Warhammer 40,000 (Second Edition): Codex – Assassins"
"9781616610104",88926,,"Battles of Westeros: Lords of the River"
"8717249191506",11,,"Bohnanza"
"4007396069303",2616,,"Janus"
"8717472960108",27790,34028,"De Ontembare Stad: Het Verraad"
"9001890791697",822,,"Carcassonne"
"0678554042021",22093,,"Federation Commander: Boosters"
"0080742071483",24643,,"Car Wars Supplement, The AADA Vehicle Guide: Volume 3"
"0677666002923",1481,,"Blind Ignorance"
"0616909967612",156129,,"Deception: Murder in Hong Kong"
"0617316007779",45,,"Perudo"
"9783981047806",22238,129778,"Mörderische Dinnerparty: Die Stimme aus dem Jenseits"
"4010168044477",30903,89320,"Goldesel"
"8435407602342",1927,,"Munchkin"
"4011898089882",49,,"Mamma Mia!"
"0889696009043",244711,,"Newton"
"0018000002825",3128,,"Clippers"
"0823973020116",2471,,"Zombies!!!"
"0183338000406",32670,,"Barista"
"0681706712307",129948,,"The Palaces of Carrara"
"4002051693329",31897,73082,"Anno 1701: Das Brettspiel"
"0722301926192",128882,,"The Resistance: Avalon"
"0655132004077",37371,,"Piece o' Cake"
"0642078883231",179814,277495,"Agents of SMERSH: All the Kickstarter Promos"
"4007396039405",146161,215894,"Arche Noah"
"5015766014043",18119,285895,"Cash for Questions"
"0080742071285",22204,,"Car Wars Supplement, The AADA Vehicle Guide: Volume 2"
"0794764399301",3886,,"Nine Men's Morris"
"0803004431005",10674,,"Killer Bunnies and the Quest for the Magic Carrot: ORANGE Booster"
"0689070017554",223278,,"The Palace of Mad King Ludwig"
"5011921985760",3072,,"Necromunda"
"0012586017761",1916,,"Shuttles"
"4011898130928",30057,,"Burger Joint"
"0857789002271",175458,269931,"Bad Beets"
"5012228060105",29114,189136,"Sport Dice: Tennis"
"0655400008004",98472,,"Strain"
"0619770000334",20590,,"Second World War at Sea: Bismarck"
"5011921948765",268314,,"Warhammer: Annual 2002"
"8056324760078",204506,,"Steam Park: Play Dirty"
"8033532950156",72225,,"CO₂"
"0854332000043",19048,25192,"The Nacho Incident"
"8718026300111",1345,,"Genoa"
"0824968818794",37918,35549,"Memoir '44: Hedgerow Hell"
"4001504481254",822,,"Carcassonne"
"8718026302290",183682,,"Orléans: Invasion"
"4010168042534",19280,,"Dreikäsehoch"
"0872277000010",12943,139810,"Go Mental"
"9781893028241",891,,"Cranium"
"0700304045027",8691,40031,"The Top 10 Game"
"0040232179945",161363,,"Eight-Minute Empire: Lost Lands"
"0076930414446",6343,,"You Just Became a Millionaire"
"0689196070716",5432,,"Chutes and Ladders"
"0824968826966",81618,,"Small World: Be Not Afraid..."
"0823464002065",120447,,"Get Lucky"
"0661141002010",14064,,"The Canadian City Challenge"
"0609456646901",146284,216132,"Defenders of the Realm: Minions Expansion – Demons"
"4029518100831",33076,,"Abgezockt!"
"7612577004003",72287,,"Mr. Jack Pocket"
"4010350060360",6249,,"Alhambra"
"0027084402339",8958,,"kuuduk"
"0814297002001",829,,"Battle of the Bands"
"5992323230033",229543,358844,"Sakura"
"5011921109173",262907,,"Warhammer Underworlds: Nightvault – Steelheart’s Champions"
"0837654321706",129388,176431,"+6 Bag o' Radioactive Munchkin d6"
"7108446962531",298851,,"It's a Wonderful World: Corruption & Ascension"
"0640555888885",153836,230467,"Dynasty"
"5904262001087",199530,,"Commissioner Victor: The lost painting case"
"4002051680428",311193,,"Anno 1800"
"0025766225009",1275,,"221B Baker Street: The Master Detective Game"
"0035261080027",2375,,"Sequence"
"4250231704666",121921,,"Robinson Crusoe: Adventures on the Cursed Island"
"0794504086904",104029,115388,"Node"
"0803004181009",17026,,"Top Dogs"
"0027084645194",74,,"Apples to Apples"
"0817009019380",181631,,"Rum & Bones: La Brise Sanguine"
"0093514273633",8690,,"Buzzword"
"9784894259645",35904,,"Queen's Gate"
"0681706040370",26884,,"Escalation!"
"8710126002926",16987,,"Diggity Dog"
"0027084259032",35022,199593,"Cars Champion Checkers"
"5907699490042",7717,,"Carcassonne: The Castle"
"4001504481643",21790,,"Thurn and Taxis"
"3760017143042",3543,,"Spider-Man"
"3558380000860",1117,,"You're Bluffing!"
"6416036653006",1853,,"Hägar ruft zum Beutefest"
"3558380037156",192661,,"Mysterium: Hidden Signs"
"5205444110314",3943,,"Munchkin 2: Unnatural Axe"
"4650000320125",83195,,"Ghost Blitz"
"0655132002783",19419,,"Euphrates & Tigris: Contest of Kings"
"4011898130713",25584,33225,"If Wishes Were Fishes!"
"0859961000037",220,,"High Society"
"4680287006160",102794,,"Caverna: The Cave Farmers"
"0086079010119",41602,27599,"Ships of the French Arm"
"0667792230550",11618,,"Cranium Zigity"
"4002051690588",22198,,"Great Wall of China"
"9781933362540",67254,,"Warmachine Prime Mk II"
"0827714006650",143884,,"Machi Koro"
"0612608501386",8617,62704,"Couplez"
"9781616616137",59959,,"Letters from Whitechapel"
"3558380018292",137269,,"Spyrium"
"9001890181214",15049,,"Ulti"
"9780984155859",68425,,"Eminent Domain"
"0729220058010",121408,,"Trains"
"8032680820113",161805,244781,"Munchkin Fatine e Folletti"
"3770001556635",220520,,"Caverna: Cave vs Cave"
"8717472960139",38875,,"Masters of Trade"
"0609456646543",594,,"Sleuth"
"4013754980913",3194,,"Dots"
"0672975032081",287220,,"Root: The Clockwork Expansion"
"0655132002844",147170,,"El Grande Decennial Edition"
"0827714013092",223763,,"Atari's Centipede"
"4007396047202",12830,,"Cellar des Triplettes 醉佳拍檔"
"0841333104139",233977,,"Arkham Horror: The Card Game – The Labyrinths of Lunacy: Scenario Pack"
"0076930409862",7688,,"Memory"
"0027084028485",14347,186754,"UNO: Disney Princess"
"8033772891288",71721,,"Space Hulk: Death Angel – The Card Game"
"0761927000091",5334,126689,"Inns & Taverns"
"4260371790016",157779,237606,"Barragoon"
"0602573650585",235344,369310,"TOKYO METRO"
"0731239000157",26765,,"Charlie Company: Infantry Combat in Vietnam, 1965-1972"
"4001504408411",32968,,"Shark Alarm!!!"
"0794764013603",10203,,"ASAP"
"7311446700786",1242,,"Cut and Run"
"3558380011231",39103,,"Jungle Speed: Deluxe"
"0850505008014",238638,,"Castell"
"4010350700310",16496,,"Roma"
"4035576080091",20122,,"Bunte Runde"
"0862675000002",153723,230286,"Dr. McNinja's Legendary Showdown"
"0748252980915",193823,,"Viticulture: Moor Visitors Expansion"
"0032244040153",1111,,"Taboo"
"0792273251448",218310,340067,"Trickster: Champions of Time"
"5060156400180",144058,,"Keyflower: The Farmers"
"0702669488921",165657,,"Melee"
"8052747090013",2936,,"Dice Run"
"4011898130911",16320,26637,"Bonnie and Clyde"
"4007396201550",432,,"6 nimmt!"
"4021505941021",38,,"Runes"
"0761181000080",19845,100684,"More S'mores"
"0729220058287",175090,269335,"Game of Crowns"
"0091037688224",176824,272306,"Yashima: Legend of the Deep Woods"
"5023117405051",181,,"Risk"
"3558380001478",14035,,"Piranha Pedro"
"0653341722805",217861,,"Paper Tales"
"5012822017703",42029,,"Scooby-Doo: Escape from the Vortex"
"8422878805051",6424,,"Pick Up Sticks"
"0824968823859",28250,,"BattleLore: Call to Arms"
"0634482705773",118340,148342,"The Hunger Games: Jabberjay Card Game"
"3770000010138",155987,,"Abyss"
"4560456650052",184938,286298,"神道 (Shintoh)"
"3558380004295",33107,,"Senji"
"5411068633188",164840,,"Monopoly Deal"
"9780984155897",38765,,"Ground Floor"
"0183338000017",19532,,"Baffle Gab"
"0859930005971",246938,395604,"Wonderland"
"9780974962702",12577,456418,"Stupiduel"
"0699788109137",15987,,"Arkham Horror"
"0018886003008",4185,170156,"B.S.: The Game of Being Sneaky"
"9781894693363",14474,,"The Final Frontier"
"0639277457103",5314,,"Hangman"
"4260316380036",95527,91817,"Madeira"
"0672975067274",264982,,"Coloma"
"0095109030379",182499,,"Desert Fox Deluxe"
"0700645795940",236108,370615,"Intelle"
"8717249192053",15818,,"Pickomino"
"8022167000619",9203,,"Wings of War: Famous Aces"
"8594009518007",24843,34017,"Graenaland"
"0729220050151",85897,,"Thunderstone: Dragonspire"
"8717344310192",25797,312887,"Color Catch"
"4714398492526",11971,,"Cockroach Poker"
"0696859265808",167791,,"Terraforming Mars"
"5011921032372",2162,29605,"Warhammer 40,000 (Third Edition)"
"4250231714436",233676,,"Noria"
"5011921972982",317622,,"Warhammer 40,000 (Third Edition): Codex – Chaos Space Marines"
"0659390933339",2781,,"My Word!"
"0627843208181",119012,150092,"The Capitals"
"0681706070933",97207,,"Dungeon Petz"
"9788495712356",3570,,"Chicken Cha Cha Cha"
"4013754000819",928,,"Gerüchteküche"
"4260410770320",316407,,"Allegra"
"0029211004768",2339,24974,"HellRail: Third Perdition"
"4035576020271",13375,,"Submarine"
"0810011721272",296151,,"Viscounts of the West Kingdom"
"5012822055255",2394,,"Dominoes"
"0655132002967",21704,,"Fiji"
"6425453000881",229853,,"Teotihuacan: City of Gods"
"0736211370914",2961,,"Confusion:  Espionage and Deception in the Cold War"
"0086079004309",3613,,"Air Superiority"
"0754434000029",1147,,"Outrage! Steal the Crown Jewels"
"4007396099409",7715,,"Porca Miseria"
"4250231704017",86955,,"Munchkin Zombies"
"0729220051066",144382,212632,"Canalis"
"0659390023450",3725,,"Qwitch"
"0700358369087",190577,,"Get Adler! Deduction Card Game"
"9781905471874",25972,80926,"Victory at Sea: World War II Naval Combat Game"
"6377354707874",66218,,"Who Wants To Be A Millionaire? (2nd Edition)"
"9780976115618",111,37565,"Rheinländer"
"0068732100269",7451,,"Jarnac"
"3770000282269",182194,,"AYA"
"4010350611333",139991,,"Fresco: Big Box"
"0076930403327",4953,,"1313 Dead End Drive"
"5706569900021",187606,290604,"Tumult"
"5011921956432",268313,437499,"Warhammer (Sixth Edition): Ravening Hordes"
"9788496422940",31291,,"España 1936"
"4007396879001",11,,"Bohnanza"
"9781938146039",39683,,"At the Gates of Loyang"
"0065099000058",699,,"HeroQuest"
"0604565054616",218121,,"Dice Hospital"
"4015566008816",40354,,"Maria"
"0029877057214",265,,"Intrigue"
"4010350605837",66214,,"Samarkand: Routes to Riches"
"3760175510281",34219,,"Biblios"
"8033772897167",136986,,"Legends of Andor: The Star Shield"
"5702014973534",145305,214346,"LEGO Batman"
"0681706040455",26235,,"Pick & Pack"
"9780786902927",4597,109973,"Blood Wars"
"0689076213653",38159,,"Ultimate Werewolf: Ultimate Edition"
"0086079007317",20535,137654,"Bastogne: Command Decision Campaign Module"
"0689076992206",63888,,"Innovation"
"0021853088397",205322,320173,"The Oregon Trail Card Game"
"0857789002011",122294,,"Ascension: Immortal Heroes"
"8435407602274",478,,"Citadels"
"9780850597851",18475,191751,"Napoleon's Campaigns in Miniature: A wargamer's guide to the Napoleonic Wars 1796-1815"
"0094922857897",32146,30555,"Trailer Park Wars"
"4007396027808",2243,,"Yahtzee"
"8717249192114",22198,,"Great Wall of China"
"8717249190394",4394,,"The Settlers of the Stone Age"
"0696859265600",131287,,"Panamax"
"4714398492748",118325,,"RoboTroc"
"0045708063605",1715,108206,"Od"
"0054000001406",2181,,"Bridge"
"5023117594342",823,,"The Lord of the Rings"
"4018522100401",7950,,"Chronopia"
"8771849798923",36218,,"Dominion"
"8033772895149",36482,,"Wings of War: Fire from the Sky"
"0019275050207",23953,,"Outside the Scope of BGG"
"0631080029959",3632,,"Too Many Cooks"
"9780786902347",1860,,"Dragon Dice"
"0655132003223",29416,,"Power Grid: The New Power Plant Cards"
"0027084259988",20202,253156,"Scene It? HBO"
"4250231711077",39683,,"At the Gates of Loyang"
"0080742071407",41821,,"Uncle Albert's Auto Stop & Gunnery Shop 2039 Catalog"
"4981932021133",71836,,"Onirim"
"0856232002639",255204,409889,"Dragonfire: Character Pack – Heroes of the Wild"
"9784894254015",24894,,"Queen's Blade"
"0010599015002",41094,28073,"Armored Assault: Armored Reserves"
"4010350060902",113294,,"Escape: The Curse of the Temple"
"5023117363962",1406,,"Monopoly"
"5011921949229",318063,,"Warhammer 40,000 (Third Edition): Codex – Necrons"
"5011921939817",317632,523343,"Warhammer 40,000 (Third Edition): Codex – Daemonhunters"
"9789178984411",67552,,"Warzone: Dawn of War"
"0794764088403",619,,"The Bottle Imp"
"5425016923733",68448,,"7 Wonders"
"8032611691003",3955,,"BANG!"
"9001890643590",15675,,"Nah Dran!"
"4250231714696",235534,369661,"Pummeleinhorn: Der Kekfe Marathon"
"4250231754517",104006,,"Village"
"0619770000297",18876,27412,"Gazala 1942"
"0634482714003",144763,,"Mage Knight Board Game: Krang Character Expansion"
"8717371240318",1403,,"Turn the Tide"
"0035756000240",80800,60867,"Curses! of the Vampire"
"4007396009002",999,,"Panda Monium"
"0041187070615",31672,173058,"Photo Trivia: Potpourri Game"
"0681706714103",154458,,"Akrotiri"
"0602561238894",198138,,"Enchanters"
"4011898089714",353,,"Inkognito: The Card Game"
"8033532950194",92932,,"Race for the Galaxy: Alien Artifacts"
"0020373550100",8535,179986,"Soccer Challenge"
"0759751002329",6979,,"Match of the Penguins"
"0815442017680",153116,229321,"Bravest Warriors Co-operative Dice Game"
"4015682199818",3570,,"Chicken Cha Cha Cha"
"5999556750444",40692,,"Small World"
"4007396047608",339,,"Quiddler"
"9784798600994",24894,,"Queen's Blade"
"4562227550158",147883,219860,"Lost Legacy: Hyakunen Senso to Ryu no Miko"
"4001504482015",66646,,"Carcassonne: Expansion 8 – Bridges, Castles and Bazaars"
"9784894254954",24894,,"Queen's Blade"
"9780976835110",20907,55081,"Nature of the Beast: City vs. Suburb"
"0029877004843",1448,,"Freight Train"
"0681706070001",8059,,"Ideology: The War of Ideas"
"0602573655900",237182,,"Root"
"9788496422674",5405,,"Carcassonne: Expansion 2 – Traders & Builders"
"9781589940659",2771,74123,"Maginor"
"5060377580166",164751,,"Heroes of Normandie: Commonwealth Army Box"
"5014362206821",21976,,"Mindbenders"
"5060156400166",122515,203650,"Keyflower"
"9781844163328",28775,117527,"Legends of the Old West: Frontier – Blood on the Plains"
"8718026303433",236457,,"Architects of the West Kingdom"
"4250231706202",1234,,"Once Upon a Time: The Storytelling Card Game"
"0895713002430",48875,139814,"The Perfect Pyramid: Four Card Games in One"
"4035576020608",30820,111931,"Wind & Wetter"
"8717249191278",15180,,"Go West!"
"4011898130676",46,27664,"Medici"
"0032244046582",1410,,"Trouble"
"0644216243600",251412,403522,"On Tour"
"0079346001750",2750,,"Imaginiff"
"4250231712623",227789,,"Heaven & Ale"
"0728028335613",144239,,"Impulse"
"8718026301675",207330,323499,"Hellas"
"0093514266215",5429,,"Blurt! Card Game"
"5407004490106",200890,,"Pixie Queen"
"7798186800028",157723,,"We Didn't Playtest This at All with Chaos Pack Expansion"
"0793573104922",142326,,"Eight-Minute Empire: Legends"
"5201998011039",2386,,"Chinese Checkers"
"0768950941575",5526,198899,"Bailiwick"
"9781555601683",21312,83106,"BattleTech: ClanTroops"
"0681706713908",144733,,"Russian Railroads"
"9781589949034",66958,,"A Game of Thrones: The Card Game – Lords of Winter"
"0837956000101",2394,,"Dominoes"
"4013754061032",26233,,"Manimals"
"0794764099416",37899,126014,"The Triangle Challenge"
"3558380000945",3243,,"Wooly Wars"
"0837654863619",94002,88039,"Nitro Dice"
"0029877041190",40831,,"The Pillars of the Earth: Builders Duel"
"4260124030017",25749,143700,"Gangster"
"9784894254312",24894,,"Queen's Blade"
"8717249190974",13291,,"Citadels:  The Dark City"
"0841333103668",218920,,"Valletta"
"1715986146343",134157,,"Guilds of London"
"0681703715400",166226,,"The Staufer Dynasty"
"8718026301880",156943,,"Saint Petersburg (Second Edition)"
"5901234567893",202254,,"The Bird Told Me to Do It"
"4250231724473",159508,,"AquaSphere"
"0696859265716",146886,,"La Granja"
"4013754021012",4402,29619,"Bayon"
"0761707061083",26023,279820,"I Spy Bingo"
"4002051688318",29716,,"Die Siedler von Catan: Kartenspiel – Politik & Intrige"
"0837654322956",188614,292307,"Simon's Cat Card Game"
"0841333105372",249772,,"Arkham Horror: The Card Game – The Boundary Beyond: Mythos Pack"
"0080742013018",2795,,"Car Wars"
"0824968418734",156831,235937,"Memoir '44: D-Day Landings"
"5425016923405",285984,,"Last Bastion"
"0034057052019",16507,86667,"Renegade Legion: Interceptor – The Golden Medusas"
"0807652060136",10653,,"Pirates of the Spanish Main"
"4015682200323",6351,,"Gulo Gulo"
"0837654863589",118776,,"Tahiti"
"4250231751325",30549,,"Pandemic"
"5023117383847",2452,,"Jenga"
"0621575000051",252010,404470,"Le jeu des familles Gargouille en bandes dessinées"
"0667792000122",19577,184173,"Cranium New York Booster Pack"
"8718026303976",301401,493693,"Rovers van de Noordzee: Helden uit het Noorden"
"0655132004909",126163,,"Tzolk'in: The Mayan Calendar"
"8436017221275",12346,,"Spooky Stairs"
"8710126054246",1514,,"Yali"
"4001504482404",153773,,"Carcassonne: Expansion 9 – Hills & Sheep"
"6533410405652",235555,369702,"Bios:Origins (Second Edition)"
"9781889613123",22977,,"Renaissance Go Fish for Art"
"5010994134747",5985,352910,"Miscellaneous Game Accessory"
"0841333106157",251501,,"Ashes Reborn: The Spirits of Memoria"
"8033772898089",157126,,"Blood Bowl: Team Manager – The Card Game: Foul Play"
"8718026302146",204583,,"Kingdomino"
"9782915556643",31850,,"AT-43 Army Book: Red Blok"
"9780971646537",20798,,"Tower Siege Expansion: Elemental Adversaries"
"0013964824384",169341,259644,"Birds of a Feather"
"5908215002923",56796,,"Let's Catch the Lion!"
"8594009517000",22799,25455,"Legie"
"0726004000081",60796,,"Magimixer"
"3558380001676",12995,,"Dungeon Twister"
"5019150000209",5280,,"The Powerpuff Girls: Flying Action Game"
"4011898089417",193,,"Fill or Bust"
"9781556344619",21691,,"The Ogre Book"
"5425016923290",285984,,"Last Bastion"
"5413407040039",2453,,"Blokus"
"0027084189469",19611,,"Hot Wheels Acceleracers Collectable Card Game"
"0241333700582",181279,,"Fury of Dracula (Third/Fourth Edition)"
"9781616619909",164153,,"Star Wars: Imperial Assault"
"0014397539005",4378,,"Cootie"
"0729220610027",1799,216522,"Warlord: Saga of the Storm"
"5011921970520",317546,,"Warhammer 40,000 (Fourth Edition): Codex – Dark Angels"
"8437007925012",49,,"Mamma Mia!"
"0713757486200",123096,,"Space Cadets"
"4260071879431",191910,297697,"Chicken Wings"
"0728620511057",63814,25927,"Bethump'd with Words: Voyager Edition"
"0655132002158",4610,,"Lord of the Rings: The Duel"
"6430018271873",90041,,"Principato"
"0653341721709",230534,360359,"Dark Moon: Shadow Corporation"
"0653569825562",136609,,"Jenga BOOM"
"4562283110082",14940,,"Figure It"
"4015566030749",85105,,"Travel Blog"
"0655132001090",312,,"Landlord!"
"4250231716850",238393,,"Monolith Arena"
"7312350107647",823,,"The Lord of the Rings"
"9781589949720",104363,,"Rex: Final Days of an Empire"
"9781556347382",14535,,"SPANC: Space Pirate Amazon Ninja Catgirls"
"4001504760243",14042,,"Team Work Original"
"0728028205466",154939,,"MERCS: Recon – Counter Threat"
"4002051690809",43528,,"World Without End"
"9788496934917",66098,,"Dominion: Alchemy"
"0759751005092",17855,,"Castle Keep"
"8718026302610",197376,,"Charterstone"
"4010168044132",21637,,"Mampf"
"5902560380446",192458,,"51st State: Master Set"
"3558380001928",18258,27023,"Mission: Red Planet"
"3663411310099",134253,,"Hostage Negotiator"
"4250148200039",13830,27050,"Metallurgie"
"5011363536315",5425,,"MindTrap II"
"4010350700129",16497,,"Rat Hot"
"5025822200013",3886,,"Nine Men's Morris"
"0702021032014",1662,,"Napoléon: The Waterloo Campaign, 1815"
"4002051690076",21051,,"Tooor!"
"5060504043489",191296,296601,"RUMBLESLAM"
"6416739027906",66244,,"What Everyone Should Know About THE AMAZING EARTH"
"0634482702345",91536,,"Quarriors!"
"5205444111953",163412,,"Patchwork"
"5023117682742",27784,,"My First Operation"
"8032611690204",21920,,"Leonardo da Vinci"
"0602573382059",216132,,"Clans of Caledonia"
"0076930410806",2448,,"Kalah"
"0080742071421",2795,,"Car Wars"
"0859961000310",21641,,"Aquädukt"
"4250231714740",230359,,"Magic Maze: Maximum Security"
"8034055580547",203993,,"Lorenzo il Magnifico"
"0655132002394",9216,,"Goa"
"0794764088519",1931,,"Anti-Monopoly"
"8717249190127",5405,,"Carcassonne: Expansion 2 – Traders & Builders"
"0021853036176",137,,"Pass the Bomb"
"0032244009501",2243,,"Yahtzee"
"5011921963461",4985,,"Warmaster"
"4260071876911",38545,,"Kamisado"
"4022556106407",11971,,"Cockroach Poker"
"0672975032029",272638,,"Root: The Exiles and Partisans Deck"
"0752423090242",136063,,"Forbidden Desert"
"8719214428464",284083,,"The Crew: The Quest for Planet Nine"
"5022308120117",20931,,"Borderline"
"5011921922987",268494,437913,"Warhammer (Sixth Edition): Ogre Kingdoms"
"0713757272605",122298,,"Morels"
"5011921010011",1634,,"Warhammer Quest"
"9782914849678",22348,,"Duplik"
"4001504482169",89953,,"Carcassonne: The Dice Game"
"9001890752261",137,,"Pass the Bomb"
"8717249192169",24509,,"Gambit Royale"
"5425016920916",111661,,"7 Wonders: Cities"
"0602003999406",182399,,"Hostage Negotiator: Abductor Pack 4"
"8710126095621",1933,,"Key to the Kingdom"
"4007396069204",929,,"The Great Dalmuti"
"8717249193838",43015,,"Hansa Teutonica"
"9780786902910",4597,109973,"Blood Wars"
"4270000812866",217,,"A la carte"
"0824968117712",53383,,"Ticket to Ride: Europa 1912"
"5023117406577",24037,,"Escape from Atlantis"
"0817009014354",140173,204115,"Zombicide Survivor: Ross"
"0794764014228",5788,,"Battle of the Sexes Card Game"
"9780786902330",1860,,"Dragon Dice"
"5050582452952",15047,,"Trivial Pursuit DVD: Star Wars Saga Edition"
"0678554032015",20278,181239,"Federation & Empire: Reinforcements"
"0857848004376",183364,283660,"Mad Libs: The Game"
"7312350151589",2000,,"True or False"
"4007396083200",38062,112753,"Privacy 2"
"0681706781037",15158,,"Carcassonne: Expansion 3 – The Princess & The Dragon"
"4260300450363",203427,,"Fabled Fruit"
"0728028382099",175199,,"Mottainai"
"0640555101762",21138,31906,"Swipe"
"0655132003353",133285,187035,"Tin Goose"
"3421271300441",681,,"Quarto"
"3558380045717",194594,,"Dice Forge"
"0610098413738",120677,,"Terra Mystica"
"8034063230069",50862,53602,"Caligula"
"4650002490093",103907,114857,"The Time of Troubles 1605-1612"
"8717249190233",25821,,"The Werewolves of Miller's Hollow"
"0029877047185",21920,,"Leonardo da Vinci"
"0080742087385",37626,,"Autoduel Quarterly"
"0071161003506",15678,,"Hoyle's Games"
"9414076000450",1294,,"Clue"
"4751010190521",129622,,"Love Letter"
"9780984155828",56835,90766,"Train of Thought"
"9781938146381",176334,,"Guns & Steel"
"9788493557546",31294,72397,"Dead End"
"4250231709876",193265,,"Port Royal: Unterwegs!"
"4007396207064",432,,"6 nimmt!"
"5023117524318",4862,,"Outburst!"
"4779026560084",68182,,"Isla Dorada"
"0029877041107",34599,,"Toledo"
"5024247009409",9099,96392,"Identity Crisis"
"4007396008050",315990,,"Diskwars: Orcs of The Broken Plain"
"0045802942004",1258,,"Phase 10"
"0032244048166",9776,,"The Incredible Hulk Smash"
"9781556347832",31920,,"Munchkin Booty"
"0091059062002",26752,80722,"Starfire: Sky Marshal #1"
"7312350106121",96628,,"Miscellaneous Game Compilation"
"0824968126943",165458,,"Small World: A Spider's Web"
"0759751004163",153709,,"Pyramix"
"4250231705151",144344,269344,"Rococo"
"0823973021007",15738,29078,"MidEvil"
"4010350100226",148289,,"Fresco: Expansion Modules 8, 9 and 10"
"0029877004690",511,,"Silverton"
"0753182231648",93260,,"Summoner Wars: Master Set"
"0699788109212",22038,,"Warrior Knights"
"0619770003113",24321,56872,"Panzer Grenadier: Airborne – Introductory Edition"
"3760175510731",127067,,"King of Tokyo: Power Up!"
"4250231715341",241491,,"Who Did It?"
"0807652065001",19120,78011,"High Stakes Drifter"
"0852665454892",172637,,"Hostage Negotiator: Abductor Pack 1"
"5011921002023",10223,,"Blood Bowl: Death Zone"
"4002051693510",2807,,"Catan: 5-6 Player Extension"
"4260070331114",90040,,"Pergamon"
"8809147560789",15818,,"Pickomino"
"0659390019620",5306,47473,"Harry's Grand Slam Baseball Game"
"3760146642089",127024,,"Room 25"
"5029736025854",33727,,"Doctor Who Micro-Universe"
"6430037880018",73193,,"Tornado Alert!"
"8437007925463",148494,,"1,2,3! Now you see me..."
"4250231712784",211323,,"Im Wandel der Zeiten: Das Kartenspiel"
"0729220058249",175224,269580,"Rumpelstiltskin"
"4011898089813",215,,"Tichu"
"8710126035641",10462,,"Battle of the Sexes"
"9781938146909",104006,189904,"Village"
"3558380012771",107255,,"Evo (Second Edition)"
"4250231751875",37380,,"Roll Through the Ages: The Bronze Age"
"0681706040639",71836,,"Onirim"
"3770000904093",125311,,"Okiya"
"7896027532067",22237,,"Hart an der Grenze"
"0681706070346",40237,,"Long Shot"
"9784798601892",35904,,"Queen's Gate"
"0850402003013",95128,,"Startup Fever"
"4260071879530",31999,,"TZAAR"
"0043302070418",22034,,"Rattle Me Bones"
"3421273817510",253379,,"Cosmic Factory"
"4007396069709",486,,"Barnyard Buddies"
"5060314600056",131568,,"Codinca"
"0029877004959",4101,,"Catan: Cities & Knights – 5-6 Player Extension"
"9781616619299",170959,,"Descent: Journeys in the Dark (Second Edition) – Nature's Ire"
"5694230095001",63268,,"Spot it!"
"9780976884811",27609,,"Numbers League: Adventures in Addiplication"
"9781556345487",307783,505148,"Snits!"
"8717249193685",34583,,"Set Cubed"
"4001504881177",822,,"Carcassonne"
"4260410770177",192762,,"Gauner raus!"
"5011921956791",268474,,"Warhammer (Sixth Edition): Dwarfs"
"0674000900198",2453,,"Blokus"
"4250231714429",233678,,"Indian Summer"
"9788495830951",24742,,"Cold War: CIA vs KGB"
"4007396049800",91072,,"Saboteur 2 (expansion-only editions)"
"0029877010042",8491,,"Dino Dice"
"0095109015086",37633,49748,"Lightning: Poland"
"0681706707914",127061,,"Troyes: The Ladies of Troyes"
"0689070016588",192934,299460,"Colony"
"3830029361205",278,,"Catan Card Game"
"5018138000019",2866,,"The London Game"
"4250231706653",193212,,"Chariot Race"
"4250231709166",160851,,"Lanterns: The Harvest Festival"
"4002558081025",1271,,"Volltreffer"
"4002051741198",39293,122678,"Hexe Lilli macht Zauberquatsch: Kartenspiel"
"0076930403372",2136,,"Pachisi"
"5440010500049",22293,112383,"Click-Chek"
"0095109010197",40209,,"RAF: The Battle of Britain 1940"
"9781556344268",5206,,"Ogre"
"9781616618070",160964,,"Star Wars: Empire vs. Rebellion"
"9781616615345",147154,,"Blue Moon Legends"
"9334254000068",28860,,"Totem Land"
"4007396079739",11,,"Bohnanza"
"0655132002547",13530,,"Sole Mio!"
"0019962872532",181265,,"BrilliAnts"
"0080742071346",8367,,"Boat Wars"
"0681706040714",54307,,"Chronicle"
"9781472824165",216459,,"The Lost Expedition"
"4007396022209",15828,,"Schnapp, Land, Fluss!"
"0146281160085",20183,181262,"Home Baseball Game"
"0729220070531",265736,,"Tiny Towns"
"0046575030011",3971,255678,"RuneSword: Bith – Female Cleric"
"0792273251714",232247,363760,"Flash Point: Fire Rescue – Tragic Events"
"5011921124831",283859,,"Warhammer Quest: Blackstone Fortress – Endless Peril"
"8718026302764",170042,,"Raiders of the North Sea"
"7317446400275",432,,"6 nimmt!"
"0745114326911",284988,464995,"Project L: Ghost Piece"
"4035576070153",8229,,"Armadöra"
"5011921002924",13968,98771,"Dark Future: White Line Fever"
"8022167040035",25823,,"Cartagena 2. The Pirate's Nest"
"4015566012509",124742,,"Android: Netrunner"
"0718601009079",17971,44782,"War in the Desert"
"5016078763605",1602,,"The Royal Game of Ur"
"0054756007790",727,27774,"Chinese Civil War"
"0841333110192",288607,,"Arkham Horror: The Card Game – A Thousand Shapes of Horror: Mythos Pack"
"3558380021216",102794,,"Caverna: The Cave Farmers"
"4011898081657",216695,,"Blindes Huhn extrem"
"0655132002400",2651,,"Power Grid"
"0737988102814",15562,157179,"Official Tabletop Football League Game"
"0610098346050",167791,,"Terraforming Mars"
"0049725038806",22427,,"Miscellaneous Game Book"
"0025766040107",3932,,"Interplay"
"9782370990099",223931,,"Sherlock Holmes Consulting Detective: Carlton House & Queen's Park"
"8033049930603",37231,25994,"Comuni"
"8437010181009",18803,,"Black Stories"
"4001504408398",32341,,"Cockroach Salad"
"9310457206322",1293,,"Boggle"
"9783937826387",4095,,"Star Munchkin"
"0614259110030",92253,83932,"Eezee Kricket"
"0827912070309",103,,"Titan"
"5011363523865",6994,,"Scrabble Card Game"
"0074299428104",9452,249691,"UNO: NSync"
"0761707041023",25765,188493,"Maisy's Counting Game"
"4012257600021",602,,"Career Poker"
"4751010192044",11,,"Bohnanza"
"8436017220285",65244,,"Forbidden Island"
"0032244041211",320,,"Scrabble"
"3289880002572",2433,,"Halloween Party"
"0094922899941",36783,,"Jishaku"
"9783933513229",8017,29055,"Feurio!"
"9780992126841",194655,,"Santorini"
"9781844163366",30705,117518,"Legends of the Old West: The Alamo – Victory or Death"
"9781589942295",18623,,"Runebound: Crown of the Elder Kings"
"7290010150373",1293,,"Boggle"
"4015682277004",32405,,"Alles Tomate!"
"0026608002413",112134,134220,"4-Way Countdown!"
"5205444110338",9220,,"Saboteur"
"4015566030862",103186,111887,"Bohn Camillo"
"0700040012307",783,,"Letter Head"
"0806802975740",204802,319393,"El Soneto"
"4001504482336",136888,,"Bruges"
"4007396010015",2223,,"UNO"
"0850560007144",234396,,"Muse"
"5011921002511",1188,32985,"Chaos Marauders"
"5015512001655",30375,170359,"Make a Painting"
"0823464002010",1690,,"Unexploded Cow"
"9420020220560",128671,,"Spartacus: A Game of Blood and Treachery"
"5023117751257",1294,,"Clue"
"0029877031115",926,,"Catan: Cities & Knights"
"4011898060829",485,,"Galloping Pigs"
"6940483908872",143884,,"Machi Koro"
"5060056690018",4735,49153,"Where There's A Will"
"0763250534724",178944,,"BATTALIA: The Creation"
"0889696009623",256985,,"Cthulhu: Death May Die – Yog–Sothoth"
"5011921973125",317556,,"Warhammer 40,000 (Third Edition): Codex – Imperial Guard"
"5690330049043",19409,,"Mouse Chaos"
"6416550855108",22188,,"Swap! (2-10p)"
"4610000140376",27760,,"Catan: Traders & Barbarians"
"9783939794493",932,,"Top Race"
"0076930403839",7189,356451,"Pitch Six"
"8718026301446",143884,,"Machi Koro"
"0678554032077",14656,42081,"Federation & Empire: Combined Operations"
"8717249191261",15180,,"Go West!"
"0744271504828",129091,,"Trainmaker"
"0798304339222",204420,318740,"New Bedford: Rising Tide"
"6645741870198",19837,155905,"The Chelsea Flower Show Game"
"0689076785341",33569,,"Wildcraft!"
"0729220058911",214213,334130,"Light & Dark"
"4250231713736",235488,,"Istanbul: The Dice Game"
"0837654322666",175178,,"Car Wars Arenas"
"3558380000150",1245,,"Isis & Osiris"
"4011898081213",118001,,"Kleine Fotosafari"
"4542325457412",96954,95099,"Kunitori! Kessen: The Battle of Moegahara"
"4015566008083",32125,,"Felicity: The Cat in the Sack"
"0737534363362",135842,193818,"Conquest of Orion"
"0655132002974",21632,,"To Court the King"
"0619770005032",8637,218103,"Tears of the Dragon"
"4250231718403",206593,,"Stronghold: Undead (Second Edition)"
"5011921010196",3549,66172,"Superpower"
"0655132004268",85036,,"20th Century"
"0045708089285",3608,,"Air Force"
"0807652075000",19329,,"Race Day"
"5425013050098",69584,29857,"Arne Expansion"
"4010168059433",194182,301687,"Klong! Boing! Autsch!"
"3160032860076",39856,,"Dixit"
"0720233004087",14029,,"Knights and Castles"
"0675595611476",185343,,"Anachrony"
"0611745858445",234946,,"Liberatores: The Conspiracy to Liberate Rome"
"0670541597613",132428,185108,"BioShock Infinite: The Siege of Columbia"
"4007396027600",117555,,"CLACK!"
"0090200004199",1937,29644,"Lao Pengh"
"9781841548944",317529,523151,"Warhammer 40,000 (Fifth Edition): Codex – Space Marines"
"9781616617776",175155,,"Forbidden Stars"
"4015682298009",83195,,"Ghost Blitz"
"0086079007348",16673,137652,"Over the Top: Command Decision Series Game"
"0700304042248",171,,"Chess"
"0718122563692",4079,,"What's My Word?"
"4007396049756",1215,,"Monkey Memory"
"4250231712470",219265,,"Port Royal: The Adventure Begins..."
"0681706070568",71272,,"Hornet"
"4010350700228",941,,"Turbo Taxi"
"9788496422865",15158,,"Carcassonne: Expansion 3 – The Princess & The Dragon"
"5011921001651",39573,84114,"Warhammer 40,000 Vehicle Manual"
"4260071878274",136245,,"Ka-Boom"
"5908264496124",36634,26515,"Rice Wars"
"0609456646598",2602,,"Solitaire for Two"
"4007396019407",1253,,"Limits"
"0653569499893",59946,59829,"Dungeons & Dragons: Castle Ravenloft Board Game"
"5023117434129",1294,,"Clue"
"0824968514610",6068,,"Queen's Necklace"
"0815442017987",158978,,"Adventure Time Card Wars: Princess Bubblegum vs. Lumpy Space Princess"
"0681706070261",31260,,"Agricola"
"0655132001151",49,,"Mamma Mia!"
"4015566003033",19947,,"Ark"
"0056297602106",5670,,"Lost Heir"
"8032611698088",133431,187352,"Kalesia: the card game"
"4001504408602",94596,,"Geistermühle"
"4260071879332",191893,297678,"Gigi Gnomo"
"4610000140482",29678,,"Munchkin Quest"
"4002051680817",1426,,"Lord of the Rings: The Search"
"9781556347641",28327,,"Munchkin 5: De-Ranged"
"4260070730054",20074,26320,"Railroad Dice 2"
"4013754031011",8130,21231,"Die Fugger"
"0655132002738",16267,,"Trans Europa"
"5010994316686",31145,,"Are You Smarter Than a 5th Grader?"
"8717249191469",8203,,"Hey, That's My Fish!"
"4001504482299",131014,,"Carcassonne: Winter Edition"
"0071404350084",3081,,"Rubik's Flip"
"0619770002048",277,,"Res Publica"
"8033532950330",178397,274973,"Samhain"
"0688623104420",94389,,"Urbion"
"4012426883088",4445,26053,"Delphi"
"4250231717918",287938,,"Kitchen Rush (Revised Edition)"
"4620011811752",157526,,"Viceroy"
"4001504760427",32412,,"Palastgeflüster"
"0073000007195",7460,191150,"Q*bert Card Game"
"4250231714726",218178,,"Captain Sonar: Upgrade One"
"9780952193623",5686,,"Stargrunt II"
"5031268000001",197728,,"We're the Scots!"
"5060377422695",204583,,"Kingdomino"
"0729220055040",151004,,"Smash Up: Science Fiction Double Feature"
"0824968826928",57070,,"Small World: Grand Dames of Small World"
"9783937826790",22948,,"Munchkin Impossible"
"5016476081363",1482,,"Ubi"
"3760107200006",176859,272354,"MasterIslands"
"7312350188714",11231,,"Snorta!"
"7312350108064",6352,,"Lord of the Rings"
"5012822074157",325016,537373,"Where's Wally? Find it Fast! Game"
"5011921114818",279551,,"Warhammer Underworlds: Nightvault – Thundrik's Profiteers"
"9784894257757",35904,,"Queen's Gate"
"4751010190491",822,,"Carcassonne"
"4002051690182",34969,,"Ubongo: Duel"
"0647444051016",1873,,"Babylon 5 Component Game System: Core Sets"
"0778988315798",315631,519733,"Santorini: New York"
"0653569334613",240356,,"Magic: The Gathering – Shards of Alara"
"4010168229898",232312,,"Rally Run!"
"0859961000235",172,,"For Sale"
"4895073700386",2941,180733,"Romance of the Three Kingdoms Card Game"
"0045802272002",2578,,"Phase 10 Dice"
"0736211951274",79828,,"A Few Acres of Snow"
"0080742087354",37626,,"Autoduel Quarterly"
"7312350115345",20153,,"Klumpeduns"
"7350017232127",31382,,"Monkey Business"
"0681706070391",24795,86050,"Cleopatra's Caboose"
"9783939794295",28327,,"Munchkin 5: De-Ranged"
"0703902203158",9326,216273,"Millennium Wars: Korea"
"0681706711508",150658,,"Pandemic: The Cure"
"4002051681814",376,25521,"DruidenWalzer"
"3770011479016",204505,,"Museum"
"0047754767001",5804,,"Marvel Trivia Game"
"9782914849586",21795,,"Dungeon Twister: Mercenaries"
"4007396049077",153013,,"Ene mene miste..."
"3558380000976",20694,98394,"Sillage"
"0034057052026",16509,86666,"Renegade Legion: Interceptor – The Fire Eagles"
"5011921001538",317009,522093,"Warhammer 40,000 (Second Edition): Codex – Space Wolves"
"9784798601007",24894,,"Queen's Blade"
"0718122623440",172,,"For Sale"
"5011921906680",317546,,"Warhammer 40,000 (Fourth Edition): Codex – Dark Angels"
"5018163500003",21836,339486,"Scrambled Heads!"
"0047754427011",241759,386034,"Bratz: C.I.Y. Shoppe Merch Master Game"
"9781472835529",248181,,"The Lost Expedition: The Fountain of Youth & Other Adventures"
"0889696002273",186076,,"The Others: 7 Sins – Apocalypse Expansion"
"0609722858625",65781,,"London"
"9001890722295",153938,,"Camel Up"
"4011898060539",17272,144328,"55"
"9781938146985",136223,,"Village: Inn"
"4000826012030",20082,35360,"Pecunia non olet: Geld stinkt nicht"
"0681706140261",91072,,"Saboteur 2 (expansion-only editions)"
"0700304042255",171,,"Chess"
"3558380002017",23311,25621,"Carrousel"
"0619770000167",4769,,"Great War at Sea: The Mediterranean"
"0073000003852",10550,,"Big Boggle"
"4250231709500",125311,,"Okiya"
"5011921911738",24332,522114,"Warhammer 40,000 Cities of Death"
"4020923000150",381,,"X Pasch"
"8717371240103",372,,"Schotten Totten"
"4260071875563",29934,,"Amyitis"
"0790255110059",6678,,"Cube Checkers"
"4035576070177",8946,,"Coda"
"0718601009116",9152,70566,"The Damned Die Hard: Philippines '41"
"0609456646604",126221,168769,"Baltimore & Ohio Expansion Set"
"8436011223978",205078,,"Barcelona: The Rose of Fire"
"0793573994967",68947,23275,"Arvuutin"
"9781616612382",104710,,"Wiz-War (Eighth Edition)"
"0824968717325",14996,,"Ticket to Ride: Europe"
"9781589946934",67492,,"Battles of Westeros"
"9781616618568",152314,,"Android: Netrunner – Honor and Profit"
"4280000097200",234093,,"Rob 'n Run"
"4001504512125",12043,,"Stadt - Land - Fluss"
"5011666071667",34881,,"Mad Lab"
"4010350200315",230933,,"Merlin"
"0654367573334",100901,,"Flash Point: Fire Rescue"
"5901549927139",129351,,"The Cave"
"9001890738005",2354,,"Scan"
"5011363512784",320,,"Scrabble"
"0841333100148",179175,,"BattleLore (Second Edition): Heralds of Dreadfall Army Pack"
"3558380025719",136991,,"Loony Quest"
"4610000140529",278,,"Catan Card Game"
"0035051316763",21702,,"Big Fish Lil' Fish"
"8001083018601",21377,,"Ferrari Challenge"
"5050282000316",22171,,"Power Rangers Time Force Circle of Power Game"
"0610585961537",175095,,"Dawn of the Zeds (Third Edition)"
"8717249192367",9220,,"Saboteur"
"0050626008768",16067,,"Star Wars: Electronic Galactic Battle"
"0853211004295",172503,,"Mage Wars Academy"
"5019150000124",16800,27975,"Gawp"
"0748252116314",82222,,"Xia: Legends of a Drift System"
"4260071875143",12761,21757,"Ys"
"4013754011051",2589,29661,"Winhard"
"0826956430209",230802,,"Azul"
"0614253166774",195397,303774,"Thunder Alley: Crew Chief Expansion"
"4751010190132",822,,"Carcassonne"
"9783937826103",12194,,"Munchkin Bites!"
"4015566020603",146021,,"Eldritch Horror"
"0700304002037",3020,,"Monopoly: Looney Tunes"
"5012822017406",18402,155283,"Rude Gestures"
"5908445421242",30549,,"Pandemic"
"4008797012301",68984,23357,"Rette unsere Welt"
"4751010190453",168215,,"Saboteur: The Duel"
"4010168047171",41189,,"Animal Upon Animal: The Card Game"
"4075566077830",39953,,"A Game of Thrones: The Card Game"
"4007396016581",205867,,"Bohnanza: The Duel"
"9781616613389",129721,,"Blood Bowl: Team Manager – The Card Game: Sudden Death"
"4015682199917",831,109741,"Schrille Stille"
"9781887911023",643,,"Deadlands: Doomtown Range Wars"
"0602573292846",201509,,"Dead Man's Doubloons"
"4011898080018",485,,"Galloping Pigs"
"4650000320156",432,,"6 nimmt!"
"0859930005278",198525,,"Lotus"
"0817246020484",255370,410192,"Cards Against Humanity: Theatre Pack"
"5014362296822",18131,221738,"Chatterbox"
"6416844854015",5130,,"Afrikan tähti"
"4001504492014",2633,,"DOG"
"5010995040306",1767,,"HeroQuest: Wizards of Morcar"
"0634482725078",208917,334641,"Marvel Dice Masters: The Defenders Team Pack"
"3770000904345",174660,,"New York 1901"
"4010350700327",16496,,"Roma"
"0794764399318",3886,,"Nine Men's Morris"
"8436017220001",55835,,"Ligretto Dice"
"4011898080025",1263,,"Knatsch"
"4713052640174",256623,,"Realm of Sand"
"0027084802535",32441,,"Bezzerwizzer"
"4011898689723",312,,"Landlord!"
"8717249191582",21101,20792,"De Kolonisten van Catan: De Diamanten"
"0815442013552",140612,205151,"The Hobbit: An Unexpected Journey"
"9781589942677",15324,,"Maelstrom Expansion Pack"
"3665361035220",276025,,"Maracaibo"
"0653569066804",15363,,"Nexus Ops"
"8717344310086",23953,,"Outside the Scope of BGG"
"4007396019339",111148,,"Würfel Bohnanza"
"4015566100176",144386,,"Dungeon Fighter: Fire at Will"
"8590228020222",432,,"6 nimmt!"
"4004618703038",856,,"New York, New York"
"9789979535782",135764,193635,"Skrípó"
"4589514890094",248861,,"Metro X"
"5011921001439",4135,155225,"Man O' War: Sea of Blood"
"0631080138699",98778,,"Hanabi"
"0027084425062",34128,,"UNO: Polly Pocket"
"0688623301027",66646,,"Carcassonne: Expansion 8 – Bridges, Castles and Bazaars"
"6430018270364",180539,278713,"Nations: Dynasties"
"4010350070086",19999,,"Aton"
"0634482704950",96848,,"Mage Knight Board Game"
"4560450500353",211146,329716,"Four Suspects"
"8032611691058",143741,,"BANG! The Dice Game"
"4001504481452",15158,,"Carcassonne: Expansion 3 – The Princess & The Dragon"
"0803516784125",4143,,"Guess Who?"
"5902384245488",327267,543486,"World Business"
"9784798601762",46313,,"Queen's Blade: Rebellion"
"9780990807841",177590,,"13 Days: The Cuban Missile Crisis"
"9781589945968",41811,,"A Game of Thrones: The Card Game – Kings of the Sea"
"8718026301132",143689,211326,"Rattus: Mercatus"
"0609456648653",149097,222332,"Spurs: A Tale in the Old West"
"0729220051189",198522,,"Archer: Once You Go Blackmail..."
"0803004461002",14443,,"Killer Bunnies and the Quest for the Magic Carrot: Stainless STEEL Booster"
"0742818065627",463,,"Magic: The Gathering"
"0746775260903",320,,"Scrabble"
"8718026301859",177739,,"Imperial Settlers: Atlanteans"
"0018874110046",3095,108325,"Star Trek: The Adventure Game"
"4003332035562",215054,335267,"Krawall im Stall"
"0681706090078",40849,,"Pandemic: On the Brink"
"0824968118702",38320,,"Memoir '44: Mediterranean Theater"
"0037136660204",7294,290846,"The Lawyers Game"
"9781894235013",18373,,"Pig Wars: When Men Were Men and Pigs Were Money"
"9781558782044",17728,327494,"Traveller: The Classic Games, Games 1-6+"
"4740433000845",88289,75925,"Laste mälumängudoomino"
"5015766001173",18317,,"Thingamajig"
"5011921001590",317006,522090,"Warhammer 40,000 (Second Edition): Codex – Tyranids"
"4007396549003",9220,,"Saboteur"
"0181194000080",28767,,"Equalz"
"4007396013825",5136,,"Piraten-Abenteuer"
"0823973020000",2471,,"Zombies!!!"
"0729220070357",249259,,"War Chest"
"8022167004174",555,,"The Princes of Florence"
"0071404310194",140,,"Pit"
"9780971646544",20800,,"Tower Siege Expansion: Thaylen's Rogues"
"0655132002677",15158,,"Carcassonne: Expansion 3 – The Princess & The Dragon"
"3558380032243",180511,,"Shakespeare"
"4007396062106",21637,,"Mampf"
"4714398495305",183626,,"Internal Affairs"
"5011921914098",268496,437915,"Warhammer (Sixth Edition): Wood Elves"
"8809302940227",172980,,"Double Mission: Beyond the Object"
"8594156310318",178900,,"Codenames"
"0080742087330",37626,,"Autoduel Quarterly"
"0029877044054",134618,190517,"Zen Garden"
"8717249191315",13308,,"Niagara"
"0702021085614",7222,,"Wizard Kings: Expansion Armies"
"0655132002691",15511,,"Fjords"
"0700304152251",2243,,"Yahtzee"
"0655132004466",90850,,"Dominion: Cornucopia"
"0025766161000",5532,,"Where in the USA is Carmen Sandiego?"
"4010350060728",96913,,"Lancaster"
"0073000000141",334,,"Advance to Boardwalk"
"4007396039108",3337,,"Double Down"
"4260071880260",216428,,"Seikatsu"
"0093514068109",3181,,"Farkle"
"0729220058430",184919,,"Greedy Greedy Goblins"
"4010350603178",13287,,"Alhambra: The City Gates"
"5023117742668",1515,,"Upwords"
"9001890739392",12942,,"No Thanks!"
"5011921956777",268474,,"Warhammer (Sixth Edition): Dwarfs"
"0824968826799",122316,159590,"Small World: Realms"
"0631080144577",165877,,"Spellcaster"
"4627119440099",160851,,"Lanterns: The Harvest Festival"
"0899218000519",27616,,"Multilingo"
"5014469325883",21459,,"Trivial Pursuit The Music Master Game: The '60s Edition"
"4010350609118",118402,,"Maharani"
"9781981318353",255194,409879,"Masada: Epic Last Stand in the Desert"
"0657338000020",814,,"Aquarius"
"5011921951017",69346,,"Warhammer: Dark Shadows"
"0681706786209",147303,,"Carcassonne: South Seas"
"4015682268002",247,,"Gloria Picktoria"
"4007396039801",146162,215896,"Pipifax"
"4015566003019",2539,32401,"Urland"
"0655132001922",2955,,"Mexica"
"0639302312520",150005,,"Lock 'n Load Tactical: Heroes of Normandy"
"4260071879936",218863,340936,"TA‐KE"
"4015682279008",37400,,"Sushizock im Gockelwok"
"0827714013757",235016,368743,"Dirk Gently's Holistic Detective Agency: Everything is Connected"
"0021853036008",1923,,"MindTrap"
"0609456646734",140603,,"Francis Drake"
"9781589941809",19740,,"Blue Moon: The Terrah"
"5011921010264",714,,"Talisman"
"0068732102317",2392,,"Mastermind"
"4001504492564",73863,,"Grimoire"
"0076930866207",10093,,"Axis & Allies"
"7108448338686",302312,,"Chronicles of Crime: 2400"
"4010168044781",17329,,"Animal Upon Animal"
"5907506208068",13,,"Catan"
"5011921007202",30671,84104,"Book of the Astronomican"
"9783939794646",33493,,"Munchkin 6: Demented Dungeons"
"4250231706578",172510,265118,"Asterix & Obelix: Mission Zaubertrank!"
"8717249191940",19343,,"The Settlers of Catan: The Fishermen of Catan"
"3760017143554",4396,,"Odin's Ravens"
"6533410400602",98918,,"Bios:Genesis"
"4007396038101",354,21177,"Stick 'Em"
"0752830255937",224904,,"Sunset Over Water"
"9781589942196",23142,,"Mag·Blast (Third Edition)"
"0736211371911",2653,,"Survive: Escape from Atlantis!"
"5011921006069",45144,29336,"Citi-Block"
"0826956500100",227789,,"Heaven & Ale"
"4015566008151",81453,,"Famiglia"
"3760146640122",634,,"River Dragons"
"5923130016756",61493,117103,"Castella³"
"0729220058416",180920,279577,"Flock"
"0713757487306",142079,208016,"Space Cadets: Dice Duel"
"9781616611354",100423,,"Elder Sign"
"0729220058409",172505,,"Istanbul: Mocha & Baksheesh"
"5021613123455",25039,,"Environment"
"5023117801730",26205,,"Monopoly: Euro"
"0026608005797",2833,,"Wanted!"
"4015566008175",43570,,"Friday"
"4001504490058",38387,30164,"Los Banditos"
"0027084645255",11231,,"Snorta!"
"8717249198611",102794,,"Caverna: The Cave Farmers"
"0241333707147",257499,,"Arkham Horror (Third Edition)"
"0655132001823",1426,,"Lord of the Rings: The Search"
"0632468008405",31503,26172,"Slide 5"
"4010350602683",6249,,"Alhambra"
"3558380001980",14533,,"Dungeon Twister: 3/4 Players Expansion"
"0029877004867",325,,"Catan: Seafarers"
"9781568811178",14369,,"Hex Strategy: Making the Right Connections"
"0857789002103",144864,,"Ascension: Darkness Unleashed"
"0074299558603",2281,,"Pictionary"
"5011363523698",1269,,"Skip-Bo"
"9780972819763",594,,"Sleuth"
"3558380007425",55660,,"Dixit: Quest"
"8594156310097",55601,,"Sneaks & Snitches"
"0046728003008",275,74575,"Extinction"
"0023151013002",6283,,"The Ungame"
"0029877030620",2807,,"Catan: 5-6 Player Extension"
"0728028344776",161417,,"Red7"
"4250231754500",104347,,"Santiago de Cuba"
"5012822033703",45,,"Perudo"
"3760052143502",222887,,"Twin It!"
"7891219009600",181,,"Risk"
"0700304047335",2243,,"Yahtzee"
"0720233006265",99441,100278,"Who's at Home?"
"0653569301981",116,,"Guillotine"
"0823973031020",15739,114459,"The Haunting House 3: A Ghost Story"
"5011921949052",268485,,"Warhammer (Sixth Edition): Hordes of Chaos"
"0859930005858",170042,,"Raiders of the North Sea"
"7064618847771",25294,43705,"Take It to the Limit!"
"0032244042157",11573,,"Celebrity Taboo"
"8033772896016",27848,,"Age of Conan: The Strategy Board Game"
"5200110240203",171356,,"Argonauts"
"5011921969128",317634,,"Warhammer 40,000 (Third Edition): Codex – Orks"
"9761556343195",227,,"Knightmare Chess"
"0073854000717",15878,,"Rummy"
"4010350060551",2317,74168,"Mückenstich"
"9781589944343",36946,,"Red November"
"4035576080022",9441,,"Ribbit"
"0729220058966",230815,361031,"Mystic Vale Event Kit: Spirits of the Vale"
"5025822200167",19427,,"Gemblo"
"4004618704394",34689,,"Wackelturm"
"9781589940321",3201,,"Lord of the Rings: The Confrontation"
"9781589949355",77130,,"Sid Meier's Civilization: The Board Game"
"4015682200132",2596,,"Villa Paletti"
"0718122624447",40381,,"Modern Art Card Game"
"0659390010207",7865,,"10 Days in Africa"
"0702877276136",166006,252833,"Race! Formula 90: Expansion #1 – RF90 Series Championship"
"8022167004006",14808,,"Marvel Heroes"
"0700461410287",158572,,"Waggle Dance"
"4250231704567",117915,,"Yedo"
"0029877035014",102794,,"Caverna: The Cave Farmers"
"0018874101303",7382,42133,"Chickamauga: The Confederacy's Last Hope"
"4011898089851",6657,,"Such a Thing?"
"8718026302139",202459,,"Imperial Settlers: Aztecs"
"9783937826271",6606,,"Munchkin 3: Clerical Errors"
"6416739004174",34973,,"Seikkailu Merellä"
"4015682200385",4218,,"O Zoo le Mio"
"0700304150318",232831,,"Super Mario Bros. Power Up Card Game"
"8034055580431",177727,,"Haleakala"
"0619770000273",11695,,"Defiant Russia"
"9788427022898",1234,,"Once Upon a Time: The Storytelling Card Game"
"4015566009202",164284,249226,"Nord"
"0545649015744",2399,,"Senet"
"8436017221114",131014,,"Carcassonne: Winter Edition"
"0602573655917",241386,,"Root: The Riverfolk Expansion"
"5908445421013",2651,,"Power Grid"
"3760146641716",42,,"Tigris & Euphrates"
"4002051691820",50,,"Lost Cities"
"0655132001410",142,,"Vino"
"0084626003638",1465,,"Wizard"
"4010168031903",20685,,"Henne Berta"
"0831614005422",2223,,"UNO"
"0655132001465",475,,"Taj Mahal"
"3760017140997",201,,"The Rose King"
"0617529600897",131357,,"Coup"
"5012822050007",128183,173435,"The Wicked Willie Game"
"0021853004151",13169,,"My First Rummikub"
"0807652062031",10653,,"Pirates of the Spanish Main"
"9781589946453",70230,33320,"Runebound: Mists of Zanaga"
"0718122625345",524,,"Desperados"
"3421271300823",3190,,"Quixo"
"5907506208143",21523,,"Runebound: Second Edition"
"9781589941793",19741,,"Blue Moon: The Pillar"
"5900511012309",85325,,"Kolejka"
"0736211371713",76150,,"Revolver"
"0681706070131",249,,"Lifeboats"
"3289880001001",121,,"Dune"
"0759751001117",184346,,"Go Nuts for Donuts"
"9780976835103",20906,26852,"Nature of the Beast: Farm vs. Forest"
"4021505021020",464,,"Billabong"
"8428625960417",217489,338724,"¡Escándalo! El robo del siglo"
"3760269590113",240465,,"CIV: Carta Impera Victoria"
"3760032260076",39856,,"Dixit"
"0041200001220",2872,,"Terrace"
"4007396018035",243435,,"Verflucht!"
"8717249192152",25234,,"Catan Histories: Struggle for Rome"
"4001504481544",19100,,"Hacienda"
"0033500048166",9088,114319,"Greed"
"9781616611637",15363,,"Nexus Ops"
"9781172625741",169,,"En Garde"
"0859961000266",22111,,"Double or Nothing"
"4751010190026",9220,,"Saboteur"
"8611266040864",9220,,"Saboteur"
"0655132001380",340,,"Frank's Zoo"
"5011921915187",15235,117531,"Legends of the Old West"
"0759751002497",133473,,"Sushi Go!"
"0653341724601",157809,,"Nations: The Dice Game"
"0634482708323",130704,,"Mage Knight Board Game: The Lost Legion Expansion"
"0824968229910",3085,,"Gang of Four"
"0678554032091",19493,42080,"Federation & Empire: Advanced Operations"
"8032611691034",107794,,"BANG! Gold Rush"
"5010994058258",11170,,"Heroscape Master Set: Rise of the Valkyrie"
"8710125067025",443,,"Code 777"
"0041187072800",21259,,"Sports Dice: Baseball"
"9781931567602",19372,69974,"Dragon Lairds"
"0713157486800",123096,,"Space Cadets"
"0655132001472",222,,"Space Beans"
"4010168225647",218720,340679,"Flower Fairy: Dominoes"
"3760052140211",22465,,"On the Dot"
"4007396019209",1324,,"Café International: Das Kartenspiel"
"3558380029557",181304,,"Mysterium"
"0892884000333",269207,,"The Taverns of Tiefenthal"
"9781589941564",105,,"Colossal Arena"
"4022556014900",16142,,"Geisterwäldchen"
"0625012007603",20647,,"Fart!"
"9781589941571",10908,,"Minotaur Lords"
"4001504408015",1806,,"The Piggyback Brigade"
"0721773587757",11901,,"Tic-Tac-Toe"
"4571394090732",251622,,"Moneybags"
"8886408315012",17075,,"Giza"
"0021853062021",1410,,"Trouble"
"4007396039016",3347,,"Solo"
"5902020445968",178944,,"BATTALIA: The Creation"
"3558380000334",3085,,"Gang of Four"
"0889696002242",186105,,"The Others: 7 Sins – Beta Team Expansion"
"6425453000775",230267,,"Dice Settlers"
"5011363455326",2397,,"Backgammon"
"9780641600678",8847,,"Jargon"
"9781589943704",31536,,"Arkham Horror: Kingsport Horror Expansion"
"9781932091311",89051,77339,"Enlightened Warlords: A Player's Guide to Soldier Kings"
"0824968818718",19244,,"Memoir '44: Terrain Pack"
"5011921940608",316613,,"Warhammer 40,000 (Third Edition): Chapter Approved – 2003 Edition"
"4534993201657",20675,51417,"King's Blood"
"0045802395602",135661,,"Scrabble: Bible Edition"
"9781588468918",25412,29758,"Vampire: Dark Influences"
"8594156310066",55600,,"Shipyard"
"8718026301965",164928,,"Orléans"
"4250231712289",218993,,"Candy Match"
"9780439551328",28525,174564,"3 in 1 Table-Top Sports"
"5011921001576",317005,522089,"Warhammer 40,000 (Second Edition): Codex – Ultramarines"
"4250231715877",199561,,"Sagrada"
"0078206010246",9571,,"Baha"
"4260071879349",191901,297687,"Clonk!"
"3760184940109",105551,,"Archipelago"
"4260070350078",24181,23781,"Imperial"
"8718026302962",118048,,"Targi"
"0841333102173",206366,,"Cosmic Encounter: Cosmic Eons"
"5011921933587",153327,229681,"The Lord of the Rings: The Return of the King"
"4571394090398",135779,,"A Fake Artist Goes to New York"
"4011898080513",15156,24300,"Coloretto Amazonas"
"9788496934207",36523,30566,"Castellers"
"4015566030978",119890,,"Agricola: All Creatures Big and Small"
"0203004731004",13477,72404,"Space Shuffle"
"0803004831003",19646,,"Cowabunga"
"0672975067298",277448,452846,"Coloma: Deluxe Edition"
"0718601009055",3766,334970,"Second Front"